-- --------------------------------------------------------
-- Host:                         127.0.0.1
-- Server version:               10.1.19-MariaDB - mariadb.org binary distribution
-- Server OS:                    Win32
-- HeidiSQL Version:             9.4.0.5169
-- --------------------------------------------------------

/*!40101 SET @OLD_CHARACTER_SET_CLIENT=@@CHARACTER_SET_CLIENT */;
/*!40101 SET NAMES utf8 */;
/*!50503 SET NAMES utf8mb4 */;
/*!40014 SET @OLD_FOREIGN_KEY_CHECKS=@@FOREIGN_KEY_CHECKS, FOREIGN_KEY_CHECKS=0 */;
/*!40101 SET @OLD_SQL_MODE=@@SQL_MODE, SQL_MODE='NO_AUTO_VALUE_ON_ZERO' */;


-- Dumping database structure for jasa_raharja
CREATE DATABASE IF NOT EXISTS `jasa_raharja` /*!40100 DEFAULT CHARACTER SET latin1 */;
USE `jasa_raharja`;

-- Dumping structure for table jasa_raharja.auth
CREATE TABLE IF NOT EXISTS `auth` (
  `id` int(11) NOT NULL AUTO_INCREMENT,
  `username` varchar(50) DEFAULT NULL,
  `password` varchar(50) DEFAULT NULL,
  PRIMARY KEY (`id`)
) ENGINE=InnoDB AUTO_INCREMENT=2 DEFAULT CHARSET=latin1;

-- Dumping data for table jasa_raharja.auth: ~0 rows (approximately)
DELETE FROM `auth`;
/*!40000 ALTER TABLE `auth` DISABLE KEYS */;
INSERT INTO `auth` (`id`, `username`, `password`) VALUES
	(1, 'admin', 'admin');
/*!40000 ALTER TABLE `auth` ENABLE KEYS */;

-- Dumping structure for table jasa_raharja.bulan
CREATE TABLE IF NOT EXISTS `bulan` (
  `no_bulan` tinyint(4) NOT NULL AUTO_INCREMENT,
  `nama_bulan` varchar(50) DEFAULT NULL,
  PRIMARY KEY (`no_bulan`)
) ENGINE=InnoDB AUTO_INCREMENT=13 DEFAULT CHARSET=latin1;

-- Dumping data for table jasa_raharja.bulan: ~12 rows (approximately)
DELETE FROM `bulan`;
/*!40000 ALTER TABLE `bulan` DISABLE KEYS */;
INSERT INTO `bulan` (`no_bulan`, `nama_bulan`) VALUES
	(1, 'Januari'),
	(2, 'Februari'),
	(3, 'Maret'),
	(4, 'April'),
	(5, 'Mei'),
	(6, 'Juni'),
	(7, 'Juli'),
	(8, 'Agustus'),
	(9, 'September'),
	(10, 'Oktober'),
	(11, 'November'),
	(12, 'Desember');
/*!40000 ALTER TABLE `bulan` ENABLE KEYS */;

-- Dumping structure for table jasa_raharja.samsat
CREATE TABLE IF NOT EXISTS `samsat` (
  `no_samsat` tinyint(4) NOT NULL AUTO_INCREMENT,
  `nama_samsat` varchar(100) NOT NULL,
  PRIMARY KEY (`no_samsat`)
) ENGINE=InnoDB AUTO_INCREMENT=34 DEFAULT CHARSET=latin1;

-- Dumping data for table jasa_raharja.samsat: ~33 rows (approximately)
DELETE FROM `samsat`;
/*!40000 ALTER TABLE `samsat` DISABLE KEYS */;
INSERT INTO `samsat` (`no_samsat`, `nama_samsat`) VALUES
	(1, 'Samsat Pekanbaru Kota'),
	(2, 'Samsat Pekanbaru Selatan'),
	(3, 'Samsat Pekanbaru Utara (Rumbai)'),
	(4, 'Samsat Pekanbaru Barat'),
	(5, 'Samsat Kubang'),
	(6, 'Samsat Bangkinang'),
	(7, 'Samsat Pasir Pangarayan'),
	(8, 'Samsat Siak'),
	(9, 'Samsat Perawang'),
	(10, 'Samsat Pelelawan'),
	(11, 'Samsat Taluk Kuantan'),
	(12, 'Samsat Rengat'),
	(13, 'Samsat Air Molek'),
	(14, 'Samsat Tembilahan'),
	(15, 'Samsat Pulau Kijang'),
	(16, 'Samsat Ujung Batu'),
	(17, 'Samsat Sorek'),
	(18, 'Samsat Kandis'),
	(19, 'Samsat Singgigin Hilir'),
	(20, 'Samsat Kuantan Mudik'),
	(21, 'Samsat Keliling'),
	(22, 'Samsat Dalu - Dalu'),
	(23, 'Samsat Koto Tengah'),
	(24, 'Samsat Lipat Kain'),
	(25, 'Samsat Tapung'),
	(26, 'Samsat Sei Guntung'),
	(27, 'Samsat Dumai'),
	(28, 'Samsat Duri'),
	(29, 'Samsat Bengkalis'),
	(30, 'Samsat Selat Panjang'),
	(31, 'Samsat Bagan Siapi-Api'),
	(32, 'Samsat Bagan Batu'),
	(33, 'Samsat Ujung Tanjung');
/*!40000 ALTER TABLE `samsat` ENABLE KEYS */;

-- Dumping structure for table jasa_raharja.swdkllj
CREATE TABLE IF NOT EXISTS `swdkllj` (
  `tahun` year(4) NOT NULL,
  `no_bulan` tinyint(4) NOT NULL,
  `no_samsat` tinyint(4) NOT NULL,
  `A` int(11) NOT NULL DEFAULT '0',
  `B` int(11) NOT NULL DEFAULT '0',
  `C1` int(11) NOT NULL DEFAULT '0',
  `C2` int(11) NOT NULL DEFAULT '0',
  `DP` int(11) NOT NULL DEFAULT '0',
  `DU` int(11) NOT NULL DEFAULT '0',
  `EP` int(11) NOT NULL DEFAULT '0',
  `EU` int(11) NOT NULL DEFAULT '0',
  `F` int(11) NOT NULL DEFAULT '0',
  `KD` bigint(20) NOT NULL DEFAULT '0',
  `SWDKLLJ` bigint(20) NOT NULL DEFAULT '0',
  `DENDA` bigint(20) NOT NULL DEFAULT '0',
  PRIMARY KEY (`tahun`,`no_bulan`,`no_samsat`),
  KEY `FK_swdkllj_bulan` (`no_bulan`),
  KEY `FK_swdkllj_samsat` (`no_samsat`),
  CONSTRAINT `FK_swdkllj_bulan` FOREIGN KEY (`no_bulan`) REFERENCES `bulan` (`no_bulan`),
  CONSTRAINT `FK_swdkllj_samsat` FOREIGN KEY (`no_samsat`) REFERENCES `samsat` (`no_samsat`)
) ENGINE=InnoDB DEFAULT CHARSET=latin1;

-- Dumping data for table jasa_raharja.swdkllj: ~792 rows (approximately)
DELETE FROM `swdkllj`;
/*!40000 ALTER TABLE `swdkllj` DISABLE KEYS */;
INSERT INTO `swdkllj` (`tahun`, `no_bulan`, `no_samsat`, `A`, `B`, `C1`, `C2`, `DP`, `DU`, `EP`, `EU`, `F`, `KD`, `SWDKLLJ`, `DENDA`) VALUES
	('2015', 1, 1, 23, 0, 8686, 7, 3663, 15, 38, 20, 1378, 54987000, 1283183700, 231512000),
	('2015', 1, 2, 8, 0, 11452, 9, 4303, 19, 19, 26, 857, 64083000, 1389771800, 253132000),
	('2015', 1, 3, 0, 0, 1643, 0, 375, 16, 3, 0, 42, 7104000, 127032000, 20756000),
	('2015', 1, 4, 0, 0, 1694, 4, 541, 3, 2, 8, 61, 8091000, 163193000, 28761000),
	('2015', 1, 5, 0, 0, 1374, 0, 265, 1, 0, 0, 127, 6414000, 118113000, 22319000),
	('2015', 1, 6, 2, 0, 3813, 0, 757, 1, 0, 10, 319, 19530000, 362859600, 86324000),
	('2015', 1, 7, 2, 0, 2091, 0, 326, 0, 2, 3, 162, 12402000, 200809200, 43035000),
	('2015', 1, 8, 1, 0, 1951, 0, 267, 0, 1, 0, 62, 8121000, 127158000, 25368000),
	('2015', 1, 9, 2, 0, 2714, 0, 397, 4, 0, 1, 166, 13140000, 214395900, 44910000),
	('2015', 1, 10, 2, 0, 2343, 0, 441, 3, 3, 4, 171, 12666000, 221586900, 52160000),
	('2015', 1, 11, 0, 0, 2180, 1, 343, 0, 0, 3, 146, 11442000, 190531600, 43451000),
	('2015', 1, 12, 4, 0, 3657, 0, 509, 0, 3, 7, 239, 18492000, 301083600, 71775000),
	('2015', 1, 13, 0, 0, 1516, 0, 122, 0, 0, 4, 65, 6369000, 92304000, 21283000),
	('2015', 1, 14, 1, 0, 3498, 0, 182, 0, 1, 4, 52, 15090000, 191925300, 44015000),
	('2015', 1, 15, 0, 0, 512, 0, 10, 0, 0, 0, 8, 1857000, 22040000, 4424000),
	('2015', 1, 16, 2, 0, 1479, 0, 242, 0, 3, 2, 140, 6534000, 119212000, 21288000),
	('2015', 1, 17, 0, 0, 1030, 0, 166, 0, 0, 0, 78, 4641000, 80220000, 16196000),
	('2015', 1, 18, 0, 0, 452, 0, 110, 2, 3, 1, 98, 2595000, 57253000, 11632000),
	('2015', 1, 19, 0, 0, 475, 0, 83, 0, 0, 0, 22, 2037000, 34068000, 5900000),
	('2015', 1, 20, 1, 0, 374, 0, 67, 0, 0, 1, 28, 1752000, 30611000, 6484000),
	('2015', 1, 21, 0, 0, 321, 1, 93, 2, 0, 0, 43, 1554000, 33132000, 4492000),
	('2015', 1, 22, 0, 0, 596, 0, 91, 0, 0, 0, 64, 2781000, 50036000, 10572000),
	('2015', 1, 23, 0, 0, 251, 0, 32, 0, 0, 0, 32, 1149000, 21568000, 4756000),
	('2015', 1, 24, 1, 0, 366, 0, 44, 0, 0, 0, 29, 1632000, 26440000, 5352000),
	('2015', 1, 25, 0, 0, 1468, 0, 221, 0, 1, 0, 93, 6045000, 103242000, 16976000),
	('2015', 1, 26, 0, 0, 71, 0, 1, 0, 0, 0, 0, 303000, 3448000, 1252000),
	('2015', 1, 27, 2, 2, 5855, 0, 958, 12, 4, 16, 394, 23529000, 412463700, 85734000),
	('2015', 1, 28, 2, 0, 4419, 1, 1238, 20, 16, 22, 532, 24402000, 482543100, 79249000),
	('2015', 1, 29, 1, 0, 2998, 0, 220, 0, 2, 0, 65, 11820000, 159019000, 36876000),
	('2015', 1, 30, 0, 0, 1269, 0, 12, 0, 0, 0, 1, 4776000, 52493800, 13528000),
	('2015', 1, 31, 0, 0, 981, 1, 119, 0, 0, 2, 25, 4284000, 66840900, 17860000),
	('2015', 1, 32, 0, 0, 1799, 0, 228, 2, 0, 5, 104, 9036000, 142038500, 34368000),
	('2015', 1, 33, 0, 0, 1072, 0, 162, 0, 9, 1, 55, 4653000, 79069000, 14756000),
	('2015', 2, 1, 9, 0, 8055, 3, 3400, 15, 39, 19, 1550, 46392000, 1110827400, 207441000),
	('2015', 2, 2, 4, 0, 10209, 1, 3975, 37, 26, 17, 906, 53148000, 1178847100, 217524000),
	('2015', 2, 3, 0, 0, 1533, 0, 329, 11, 0, 0, 51, 6408000, 112832000, 19404000),
	('2015', 2, 4, 0, 0, 1572, 0, 522, 3, 0, 2, 72, 7347000, 149810000, 25014000),
	('2015', 2, 5, 0, 0, 1303, 0, 216, 1, 0, 1, 102, 5670000, 101409000, 21224000),
	('2015', 2, 6, 0, 0, 3346, 4, 678, 2, 1, 9, 324, 16308000, 305443100, 73217000),
	('2015', 2, 7, 2, 0, 2706, 0, 333, 1, 1, 4, 175, 11259000, 189737600, 44199000),
	('2015', 2, 8, 2, 0, 1680, 0, 191, 0, 0, 0, 52, 6555000, 98968000, 18948000),
	('2015', 2, 9, 3, 0, 3037, 1, 342, 2, 3, 2, 170, 12618000, 201635400, 43762000),
	('2015', 2, 10, 0, 0, 2224, 2, 444, 4, 2, 1, 203, 10851000, 204408100, 49708000),
	('2015', 2, 11, 4, 0, 2819, 3, 320, 0, 2, 0, 147, 11526000, 185349700, 45452000),
	('2015', 2, 12, 2, 1, 3521, 0, 489, 0, 0, 5, 211, 15423000, 252856700, 59591000),
	('2015', 2, 13, 4, 0, 1256, 0, 142, 1, 2, 2, 55, 5322000, 80176000, 18483000),
	('2015', 2, 14, 0, 0, 3474, 0, 139, 0, 1, 6, 58, 12954000, 163707000, 35881000),
	('2015', 2, 15, 0, 0, 577, 0, 7, 0, 0, 0, 3, 1953000, 21972000, 4452000),
	('2015', 2, 16, 1, 0, 1346, 0, 222, 0, 1, 2, 120, 5826000, 104860000, 20876000),
	('2015', 2, 17, 1, 0, 939, 0, 177, 1, 0, 1, 67, 4065000, 74365000, 14768000),
	('2015', 2, 18, 0, 0, 412, 0, 99, 3, 1, 2, 112, 2211000, 52110000, 9844000),
	('2015', 2, 19, 0, 0, 473, 0, 65, 0, 0, 1, 40, 1947000, 34271000, 6704000),
	('2015', 2, 20, 0, 0, 337, 0, 41, 0, 0, 0, 15, 1308000, 20556000, 3772000),
	('2015', 2, 21, 0, 0, 385, 0, 104, 5, 0, 0, 18, 1692000, 32658000, 5148000),
	('2015', 2, 22, 0, 0, 516, 0, 69, 0, 1, 0, 61, 2226000, 40450000, 7952000),
	('2015', 2, 23, 0, 0, 257, 0, 31, 0, 0, 1, 19, 1032000, 17079000, 3671000),
	('2015', 2, 24, 0, 0, 339, 0, 52, 0, 0, 0, 16, 1452000, 23496000, 5088000),
	('2015', 2, 25, 0, 0, 1231, 0, 193, 0, 0, 0, 108, 4995000, 90240000, 13948000),
	('2015', 2, 26, 0, 0, 69, 0, 0, 0, 0, 0, 0, 255000, 2720000, 928000),
	('2015', 2, 27, 0, 0, 4874, 0, 828, 11, 8, 12, 309, 21375000, 375775400, 83764000),
	('2015', 2, 28, 5, 0, 5265, 0, 1050, 25, 28, 18, 511, 23721000, 450494700, 74500000),
	('2015', 2, 29, 0, 0, 2513, 0, 178, 0, 1, 1, 38, 9471000, 129630100, 31351000),
	('2015', 2, 30, 0, 0, 1178, 0, 9, 0, 0, 0, 0, 4209000, 48969900, 15332000),
	('2015', 2, 31, 3, 0, 965, 0, 104, 0, 3, 1, 25, 4110000, 61777300, 17036000),
	('2015', 2, 32, 0, 0, 1791, 0, 198, 1, 0, 3, 94, 7923000, 122584500, 32495000),
	('2015', 2, 33, 0, 0, 1036, 0, 134, 0, 3, 0, 63, 4257000, 71522000, 14384000),
	('2015', 3, 1, 11, 1, 9430, 9, 4397, 25, 38, 31, 1685, 53184000, 1290632800, 205391000),
	('2015', 3, 2, 4, 0, 10831, 5, 4026, 82, 19, 42, 926, 54957000, 1200309800, 237973000),
	('2015', 3, 3, 0, 0, 1598, 0, 339, 11, 1, 0, 40, 6402000, 111548000, 18362000),
	('2015', 3, 4, 1, 0, 1742, 1, 533, 1, 0, 5, 68, 7608000, 149557000, 21807000),
	('2015', 3, 5, 1, 0, 1473, 0, 254, 3, 0, 2, 120, 6255000, 113704000, 22970000),
	('2015', 3, 6, 5, 0, 3701, 1, 836, 6, 2, 8, 325, 17922000, 342457900, 87980000),
	('2015', 3, 7, 3, 0, 2650, 0, 344, 0, 1, 4, 159, 11013000, 181575200, 46520000),
	('2015', 3, 8, 0, 0, 1750, 2, 231, 0, 2, 2, 50, 6780000, 105574000, 23252000),
	('2015', 3, 9, 2, 0, 3232, 1, 432, 2, 0, 3, 175, 13107000, 213692600, 44483000),
	('2015', 3, 10, 0, 0, 2607, 1, 547, 5, 4, 1, 189, 12189000, 223977700, 53818000),
	('2015', 3, 11, 3, 0, 2900, 1, 384, 0, 4, 2, 139, 11748000, 193045200, 48623000),
	('2015', 3, 12, 2, 0, 4170, 0, 549, 0, 0, 8, 230, 17334000, 283899800, 65624000),
	('2015', 3, 13, 0, 0, 1439, 0, 144, 0, 0, 3, 56, 5820000, 85565000, 20531000),
	('2015', 3, 14, 1, 0, 3900, 0, 185, 0, 0, 1, 54, 14085000, 180325200, 39501000),
	('2015', 3, 15, 0, 0, 663, 0, 8, 0, 0, 0, 5, 2247000, 25944000, 5652000),
	('2015', 3, 16, 0, 0, 1501, 0, 267, 0, 0, 0, 105, 6300000, 114191000, 24339000),
	('2015', 3, 17, 1, 0, 1132, 0, 174, 0, 1, 0, 81, 4740000, 82402000, 17184000),
	('2015', 3, 18, 1, 0, 557, 0, 119, 1, 3, 0, 128, 2769000, 61896000, 12362000),
	('2015', 3, 19, 0, 0, 519, 1, 82, 0, 2, 0, 43, 2163000, 38188000, 6712000),
	('2015', 3, 20, 0, 0, 387, 0, 44, 0, 0, 0, 16, 1476000, 23320000, 4552000),
	('2015', 3, 21, 0, 0, 540, 2, 153, 4, 1, 1, 25, 2325000, 45776000, 6289000),
	('2015', 3, 22, 0, 0, 640, 0, 87, 0, 3, 0, 61, 2694000, 46530000, 10416000),
	('2015', 3, 23, 0, 0, 299, 0, 32, 0, 0, 0, 15, 1143000, 18040000, 3876000),
	('2015', 3, 24, 0, 0, 352, 0, 64, 0, 0, 0, 27, 1506000, 26648000, 4940000),
	('2015', 3, 25, 2, 0, 1421, 0, 239, 0, 0, 0, 104, 5736000, 101788000, 18816000),
	('2015', 3, 26, 0, 0, 88, 0, 1, 0, 0, 0, 0, 309000, 3404000, 1088000),
	('2015', 3, 27, 4, 0, 5238, 1, 990, 16, 5, 8, 444, 23343000, 425786100, 92186000),
	('2015', 3, 28, 10, 3, 5269, 0, 1173, 18, 13, 72, 802, 24210000, 505522300, 76522000),
	('2015', 3, 29, 0, 0, 2704, 0, 181, 1, 3, 1, 56, 10074000, 141636000, 35111000),
	('2015', 3, 30, 0, 0, 1385, 0, 13, 0, 0, 0, 4, 4893000, 55111500, 16936000),
	('2015', 3, 31, 1, 0, 1026, 0, 104, 0, 0, 4, 25, 4158000, 63279900, 18016000),
	('2015', 3, 32, 0, 0, 2086, 0, 250, 1, 0, 3, 127, 8745000, 139205900, 34617000),
	('2015', 3, 33, 0, 0, 1280, 1, 159, 0, 0, 0, 67, 4953000, 80860000, 14924000),
	('2015', 4, 1, 27, 0, 10417, 5, 4408, 29, 42, 27, 1686, 56466000, 1347061800, 218638000),
	('2015', 4, 2, 13, 0, 10165, 5, 3692, 21, 13, 36, 765, 49902000, 1064360000, 206353000),
	('2015', 4, 3, 0, 0, 1620, 0, 350, 4, 0, 0, 38, 6459000, 113154000, 19762000),
	('2015', 4, 4, 0, 0, 1810, 0, 511, 4, 0, 1, 64, 7746000, 149175000, 25556000),
	('2015', 4, 5, 0, 0, 1518, 1, 258, 2, 0, 2, 108, 6306000, 111140000, 19694000),
	('2015', 4, 6, 2, 0, 4089, 1, 767, 1, 0, 8, 280, 18597000, 335100300, 82943000),
	('2015', 4, 7, 1, 0, 3008, 1, 357, 0, 3, 2, 164, 11667000, 189821500, 40992000),
	('2015', 4, 8, 3, 0, 1644, 0, 214, 0, 0, 0, 67, 6486000, 102840000, 22280000),
	('2015', 4, 9, 4, 0, 3125, 1, 434, 3, 1, 2, 157, 12669000, 206221200, 44019000),
	('2015', 4, 10, 0, 0, 3268, 5, 493, 3, 6, 8, 208, 13752000, 236976900, 46904000),
	('2015', 4, 11, 1, 0, 3095, 2, 415, 0, 0, 0, 149, 12591000, 203574400, 50880000),
	('2015', 4, 12, 3, 0, 3924, 0, 537, 0, 5, 7, 247, 16407000, 271700600, 63595000),
	('2015', 4, 13, 0, 0, 1331, 0, 170, 0, 2, 3, 65, 5406000, 85541000, 18462000),
	('2015', 4, 14, 1, 0, 3812, 0, 175, 1, 1, 3, 52, 13542000, 173098800, 39292000),
	('2015', 4, 15, 0, 0, 562, 0, 9, 0, 0, 0, 8, 1893000, 22208000, 4824000),
	('2015', 4, 16, 2, 0, 1528, 0, 241, 0, 0, 0, 146, 6372000, 115580000, 22596000),
	('2015', 4, 17, 2, 0, 1146, 0, 163, 0, 1, 0, 111, 4926000, 87190000, 20068000),
	('2015', 4, 18, 0, 0, 729, 0, 100, 3, 4, 0, 92, 3183000, 59838000, 13288000),
	('2015', 4, 19, 0, 0, 509, 0, 63, 0, 0, 0, 26, 1986000, 31552000, 5732000),
	('2015', 4, 20, 0, 0, 461, 0, 43, 0, 0, 0, 18, 1566000, 23652000, 4568000),
	('2015', 4, 21, 0, 0, 610, 0, 165, 3, 0, 0, 37, 2445000, 48750000, 8246000),
	('2015', 4, 22, 0, 0, 707, 0, 90, 0, 1, 0, 83, 2868000, 53170000, 10964000),
	('2015', 4, 23, 2, 0, 134, 0, 64, 1, 0, 0, 100, 1185000, 21288000, 3564000),
	('2015', 4, 24, 0, 0, 348, 1, 66, 0, 0, 0, 28, 1506000, 26932000, 5180000),
	('2015', 4, 25, 0, 0, 1672, 0, 243, 0, 0, 1, 99, 6426000, 108183000, 15852000),
	('2015', 4, 26, 0, 0, 87, 0, 0, 0, 0, 0, 0, 303000, 3232000, 1056000),
	('2015', 4, 27, 5, 0, 5306, 0, 1035, 7, 4, 7, 487, 23424000, 438391900, 90373000),
	('2015', 4, 28, 5, 0, 5129, 0, 1114, 21, 14, 17, 468, 22155000, 431610900, 76852000),
	('2015', 4, 29, 1, 0, 2420, 0, 165, 0, 5, 5, 52, 8874000, 120577500, 27667000),
	('2015', 4, 30, 0, 0, 1181, 0, 17, 0, 0, 0, 0, 4248000, 48257800, 15868000),
	('2015', 4, 31, 0, 0, 916, 0, 100, 0, 2, 0, 22, 3450000, 52125000, 13692000),
	('2015', 4, 32, 0, 0, 2484, 0, 252, 2, 1, 4, 129, 9687000, 149129300, 37101000),
	('2015', 4, 33, 0, 0, 1267, 0, 171, 0, 0, 0, 64, 4821000, 79864000, 17316000),
	('2015', 5, 1, 20, 0, 9979, 21, 4115, 21, 34, 26, 1760, 52977000, 1258916000, 197091000),
	('2015', 5, 2, 3, 0, 10147, 6, 3519, 35, 12, 40, 692, 48102000, 1010207500, 201269000),
	('2015', 5, 3, 1, 0, 1814, 0, 411, 7, 0, 0, 34, 7173000, 127506000, 22588000),
	('2015', 5, 4, 1, 0, 1701, 1, 499, 3, 1, 2, 47, 7167000, 139461000, 26134000),
	('2015', 5, 5, 1, 0, 1613, 0, 275, 0, 1, 2, 112, 6714000, 119220000, 24091000),
	('2015', 5, 6, 1, 0, 4065, 0, 741, 0, 0, 6, 220, 17922000, 317283600, 77841000),
	('2015', 5, 7, 1, 0, 2694, 0, 331, 0, 1, 7, 171, 10596000, 176414900, 43362000),
	('2015', 5, 8, 1, 0, 1524, 0, 223, 0, 0, 0, 53, 5955000, 96380000, 19940000),
	('2015', 5, 9, 1, 0, 3318, 3, 437, 4, 5, 0, 155, 13107000, 212347100, 51162000),
	('2015', 5, 10, 1, 0, 2732, 1, 557, 2, 2, 1, 230, 12177000, 226875100, 49930000),
	('2015', 5, 11, 4, 0, 2853, 3, 388, 0, 1, 1, 133, 11439000, 187024500, 42740000),
	('2015', 5, 12, 2, 0, 4154, 0, 490, 0, 5, 7, 217, 16518000, 262815300, 56462000),
	('2015', 5, 13, 0, 0, 1460, 0, 138, 0, 1, 4, 51, 5676000, 83888000, 19689000),
	('2015', 5, 14, 0, 0, 3353, 2, 139, 0, 0, 5, 51, 11787000, 148741400, 31346000),
	('2015', 5, 15, 0, 0, 661, 0, 6, 0, 0, 1, 3, 2112000, 23615000, 4251000),
	('2015', 5, 16, 0, 0, 1535, 0, 246, 0, 3, 1, 132, 6297000, 114077000, 22148000),
	('2015', 5, 17, 0, 0, 996, 0, 141, 0, 0, 0, 47, 3768000, 62104000, 12444000),
	('2015', 5, 18, 0, 0, 695, 1, 144, 1, 1, 0, 83, 3048000, 61554000, 13204000),
	('2015', 5, 19, 0, 0, 512, 0, 79, 0, 0, 0, 28, 1974000, 33388000, 6016000),
	('2015', 5, 20, 0, 0, 327, 0, 42, 0, 0, 0, 11, 1215000, 19032000, 4204000),
	('2015', 5, 21, 0, 0, 642, 1, 180, 2, 1, 0, 34, 2805000, 55366000, 10224000),
	('2015', 5, 22, 0, 0, 650, 0, 90, 0, 1, 1, 61, 2589000, 45661000, 9635000),
	('2015', 5, 23, 0, 0, 330, 0, 52, 0, 0, 0, 15, 1305000, 21692000, 4160000),
	('2015', 5, 24, 0, 0, 436, 0, 53, 0, 0, 0, 24, 1716000, 27356000, 6300000),
	('2015', 5, 25, 0, 0, 1763, 0, 247, 0, 0, 1, 85, 6630000, 109147000, 15812000),
	('2015', 5, 26, 0, 0, 73, 0, 1, 0, 0, 0, 0, 270000, 2988000, 1056000),
	('2015', 5, 27, 3, 0, 5281, 3, 1006, 20, 13, 8, 355, 22230000, 404905900, 81351000),
	('2015', 5, 28, 6, 0, 5297, 0, 1222, 16, 15, 27, 428, 22929000, 448394000, 82761000),
	('2015', 5, 29, 0, 0, 2329, 0, 168, 0, 2, 0, 65, 8442000, 117119400, 26168000),
	('2015', 5, 30, 0, 0, 1057, 0, 6, 0, 0, 0, 0, 3543000, 39005600, 11416000),
	('2015', 5, 31, 0, 0, 744, 0, 73, 0, 0, 0, 18, 2841000, 41895700, 10964000),
	('2015', 5, 32, 0, 0, 2129, 0, 232, 2, 0, 3, 85, 8223000, 126306300, 28757000),
	('2015', 5, 33, 0, 0, 1217, 0, 142, 1, 0, 0, 50, 4590000, 70950000, 13260000),
	('2015', 6, 1, 20, 2, 12178, 9, 4990, 30, 53, 57, 1842, 63669000, 1488184800, 256024000),
	('2015', 6, 2, 9, 0, 10600, 8, 3981, 26, 23, 34, 739, 52254000, 1116639200, 233308000),
	('2015', 6, 3, 0, 0, 1783, 0, 397, 5, 0, 0, 31, 7071000, 123436000, 23986000),
	('2015', 6, 4, 0, 0, 1874, 1, 582, 2, 0, 2, 89, 8124000, 163034000, 28518000),
	('2015', 6, 5, 0, 0, 1838, 0, 319, 0, 0, 2, 89, 7476000, 127054000, 27480000),
	('2015', 6, 6, 1, 0, 4859, 0, 870, 3, 2, 8, 274, 21165000, 370266000, 89988000),
	('2015', 6, 7, 2, 0, 3244, 0, 364, 0, 0, 3, 136, 12414000, 195969600, 49754000),
	('2015', 6, 8, 0, 0, 1955, 1, 224, 0, 1, 0, 75, 7335000, 113358000, 22944000),
	('2015', 6, 9, 0, 0, 3890, 2, 490, 2, 0, 1, 228, 15366000, 250701100, 54464000),
	('2015', 6, 10, 0, 0, 2736, 0, 603, 4, 2, 2, 178, 11985000, 223167500, 52818000),
	('2015', 6, 11, 3, 0, 3255, 3, 479, 0, 2, 2, 157, 13140000, 217404000, 54896000),
	('2015', 6, 12, 2, 0, 5019, 0, 562, 0, 1, 6, 198, 19329000, 299153100, 67826000),
	('2015', 6, 13, 0, 0, 1791, 0, 180, 0, 1, 4, 47, 6783000, 98834000, 24239000),
	('2015', 6, 14, 1, 0, 4366, 1, 169, 0, 1, 7, 58, 15030000, 187677300, 40263000),
	('2015', 6, 15, 0, 0, 741, 1, 16, 0, 0, 0, 2, 2370000, 27312000, 5016000),
	('2015', 6, 16, 0, 0, 1929, 0, 317, 0, 0, 1, 116, 7746000, 135843000, 27964000),
	('2015', 6, 17, 0, 0, 1269, 0, 188, 0, 2, 0, 70, 4947000, 83192000, 16880000),
	('2015', 6, 18, 0, 0, 716, 0, 164, 2, 3, 1, 102, 3249000, 67669000, 15354000),
	('2015', 6, 19, 0, 0, 576, 0, 89, 0, 0, 0, 23, 2211000, 36268000, 7116000),
	('2015', 6, 20, 0, 0, 390, 0, 49, 0, 0, 0, 14, 1512000, 23644000, 5356000),
	('2015', 6, 21, 0, 0, 589, 2, 178, 1, 1, 0, 32, 2538000, 51820000, 9250000),
	('2015', 6, 22, 0, 0, 745, 0, 102, 0, 0, 1, 63, 2976000, 51115000, 12015000),
	('2015', 6, 23, 0, 0, 363, 0, 52, 0, 0, 0, 25, 1452000, 25072000, 4980000),
	('2015', 6, 24, 0, 0, 489, 0, 73, 0, 0, 0, 25, 1914000, 31824000, 6376000),
	('2015', 6, 25, 0, 0, 2056, 0, 268, 0, 0, 0, 96, 7716000, 124480000, 19968000),
	('2015', 6, 26, 0, 0, 97, 0, 0, 0, 0, 0, 0, 324000, 3456000, 1280000),
	('2015', 6, 27, 3, 1, 5892, 1, 1052, 16, 4, 7, 451, 24807000, 444839600, 93630000),
	('2015', 6, 28, 1, 0, 5800, 0, 1350, 14, 23, 24, 519, 25020000, 491584500, 88369000),
	('2015', 6, 29, 0, 0, 2804, 0, 191, 0, 1, 0, 73, 10143000, 140045000, 31856000),
	('2015', 6, 30, 0, 0, 1260, 0, 13, 0, 0, 0, 1, 4239000, 46773700, 12660000),
	('2015', 6, 31, 0, 0, 1021, 0, 101, 0, 0, 1, 21, 3906000, 59740100, 16776000),
	('2015', 6, 32, 1, 0, 2602, 0, 294, 0, 0, 10, 139, 10023000, 158909400, 36408000),
	('2015', 6, 33, 0, 0, 1307, 0, 168, 0, 1, 1, 133, 5232000, 92221000, 16100000),
	('2015', 7, 1, 16, 2, 10915, 6, 4415, 23, 35, 33, 1833, 56442000, 1338466600, 215389000),
	('2015', 7, 2, 12, 0, 9946, 6, 3647, 25, 20, 43, 563, 47223000, 992898200, 195527000),
	('2015', 7, 3, 0, 0, 1933, 0, 414, 6, 3, 1, 29, 7425000, 129125000, 19990000),
	('2015', 7, 4, 0, 0, 1900, 0, 603, 2, 0, 3, 63, 8118000, 162025000, 30122000),
	('2015', 7, 5, 0, 0, 1894, 0, 301, 0, 0, 3, 94, 7428000, 125225000, 24939000),
	('2015', 7, 6, 0, 0, 4769, 0, 834, 1, 2, 5, 222, 20043000, 344287400, 80816000),
	('2015', 7, 7, 0, 0, 3040, 0, 389, 1, 0, 5, 143, 11592000, 189198100, 48075000),
	('2015', 7, 8, 0, 0, 2182, 0, 235, 0, 0, 0, 70, 7818000, 119108000, 23668000),
	('2015', 7, 9, 0, 0, 4035, 2, 416, 5, 2, 3, 109, 14934000, 223105900, 47311000),
	('2015', 7, 10, 1, 0, 3146, 2, 610, 2, 7, 1, 196, 13095000, 236707200, 48328000),
	('2015', 7, 11, 1, 0, 3315, 2, 379, 0, 0, 1, 145, 12609000, 199859000, 47983000),
	('2015', 7, 12, 5, 0, 5067, 0, 504, 0, 6, 11, 208, 19059000, 287512600, 62177000),
	('2015', 7, 13, 0, 0, 1934, 1, 158, 0, 0, 3, 38, 7092000, 98457000, 23143000),
	('2015', 7, 14, 0, 0, 4045, 0, 155, 0, 1, 9, 50, 13830000, 173506000, 40167000),
	('2015', 7, 15, 0, 0, 791, 0, 13, 0, 0, 0, 3, 2544000, 28924000, 5864000),
	('2015', 7, 16, 0, 0, 2126, 0, 294, 0, 5, 5, 149, 8223000, 141437000, 26772000),
	('2015', 7, 17, 0, 0, 1358, 0, 188, 0, 0, 0, 58, 5088000, 82452000, 15772000),
	('2015', 7, 18, 0, 0, 673, 0, 109, 1, 1, 1, 68, 2778000, 51547000, 10200000),
	('2015', 7, 19, 0, 0, 649, 0, 95, 0, 0, 0, 33, 2472000, 41392000, 8012000),
	('2015', 7, 20, 0, 0, 480, 2, 53, 0, 0, 0, 14, 1770000, 26600000, 5748000),
	('2015', 7, 21, 0, 0, 849, 2, 317, 1, 1, 1, 67, 3993000, 87135000, 22232000),
	('2015', 7, 22, 0, 0, 747, 0, 118, 0, 2, 0, 46, 2976000, 50936000, 11636000),
	('2015', 7, 23, 0, 0, 416, 0, 54, 0, 0, 1, 25, 1575000, 26434000, 5454000),
	('2015', 7, 24, 1, 0, 475, 0, 70, 0, 0, 0, 18, 1761000, 28724000, 4616000),
	('2015', 7, 25, 0, 0, 1965, 0, 245, 0, 0, 0, 104, 7167000, 116908000, 18136000),
	('2015', 7, 26, 0, 0, 86, 0, 1, 0, 0, 0, 0, 288000, 3180000, 1056000),
	('2015', 7, 27, 0, 2, 5996, 2, 1128, 13, 11, 15, 433, 24471000, 444028900, 85146000),
	('2015', 7, 28, 1, 0, 5609, 0, 1282, 12, 10, 19, 591, 23976000, 479780200, 81079000),
	('2015', 7, 29, 0, 0, 3263, 1, 165, 0, 5, 0, 56, 11259000, 147278500, 32100000),
	('2015', 7, 30, 0, 0, 1285, 0, 13, 0, 0, 0, 0, 4191000, 46070800, 10896000),
	('2015', 7, 31, 0, 0, 919, 0, 105, 0, 0, 0, 12, 3561000, 52913700, 17336000),
	('2015', 7, 32, 0, 0, 3043, 0, 270, 0, 0, 5, 97, 11190000, 163267000, 40414000),
	('2015', 7, 33, 0, 0, 1457, 2, 163, 0, 2, 1, 79, 5379000, 85715000, 14916000),
	('2015', 8, 1, 20, 0, 12750, 11, 4531, 87, 37, 33, 2000, 64389000, 1461067100, 282298000),
	('2015', 8, 2, 5, 0, 10453, 8, 3348, 176, 12, 18, 581, 47886000, 971185700, 199333000),
	('2015', 8, 3, 0, 0, 1931, 0, 389, 7, 0, 3, 40, 7383000, 127091000, 24654000),
	('2015', 8, 4, 0, 0, 2137, 0, 614, 5, 1, 1, 77, 8898000, 173043000, 32098000),
	('2015', 8, 5, 0, 0, 1843, 2, 284, 1, 0, 1, 120, 7455000, 129535000, 30326000),
	('2015', 8, 6, 1, 0, 5308, 0, 870, 1, 4, 9, 267, 22341000, 381428200, 97375000),
	('2015', 8, 7, 0, 0, 3441, 0, 345, 0, 1, 6, 150, 12786000, 199095400, 49120000),
	('2015', 8, 8, 0, 0, 2382, 0, 227, 0, 0, 0, 82, 8490000, 126368000, 26648000),
	('2015', 8, 9, 1, 0, 4225, 1, 575, 5, 4, 2, 321, 16587000, 284504000, 56854000),
	('2015', 8, 10, 1, 0, 3210, 0, 553, 4, 0, 5, 292, 13545000, 248632000, 54823000),
	('2015', 8, 11, 3, 0, 3580, 0, 425, 0, 3, 0, 154, 13557000, 214356400, 52188000),
	('2015', 8, 12, 2, 0, 6203, 0, 500, 0, 0, 3, 9, 22710000, 329947000, 72459000),
	('2015', 8, 13, 0, 0, 1843, 0, 130, 0, 1, 0, 54, 6615000, 92014000, 19984000),
	('2015', 8, 14, 0, 0, 5454, 0, 239, 0, 2, 5, 74, 18444000, 235188100, 51451000),
	('2015', 8, 15, 0, 0, 1034, 0, 6, 0, 0, 0, 6, 3246000, 36040000, 6888000),
	('2015', 8, 16, 1, 0, 2022, 0, 295, 0, 1, 1, 112, 7758000, 132069000, 29328000),
	('2015', 8, 17, 0, 0, 1328, 0, 169, 0, 2, 0, 65, 4932000, 79524000, 16192000),
	('2015', 8, 18, 0, 0, 691, 2, 135, 0, 0, 1, 98, 2985000, 61631000, 14508000),
	('2015', 8, 19, 0, 0, 682, 0, 89, 0, 0, 0, 29, 2523000, 40236000, 8644000),
	('2015', 8, 20, 0, 0, 454, 0, 46, 0, 0, 2, 11, 1632000, 23894000, 5092000),
	('2015', 8, 21, 0, 0, 797, 3, 194, 4, 1, 1, 48, 3378000, 64496000, 16450000),
	('2015', 8, 22, 0, 0, 773, 0, 96, 0, 3, 0, 69, 2997000, 51886000, 11524000),
	('2015', 8, 23, 0, 0, 384, 0, 52, 0, 0, 0, 17, 1458000, 23796000, 5244000),
	('2015', 8, 24, 0, 0, 476, 0, 68, 0, 0, 0, 17, 1758000, 28596000, 5996000),
	('2015', 8, 25, 1, 0, 2110, 1, 239, 0, 0, 0, 104, 7650000, 121604000, 22284000),
	('2015', 8, 26, 0, 0, 141, 0, 1, 0, 0, 0, 11, 486000, 6808000, 1576000),
	('2015', 8, 27, 1, 0, 6946, 0, 1067, 16, 4, 4, 405, 27462000, 468645900, 104349000),
	('2015', 8, 28, 2, 0, 6641, 0, 1292, 13, 17, 16, 698, 27702000, 536762300, 96780000),
	('2015', 8, 29, 0, 0, 4013, 0, 184, 0, 0, 0, 65, 13635000, 173893900, 37700000),
	('2015', 8, 30, 0, 0, 1497, 0, 9, 0, 0, 0, 2, 4881000, 53565400, 14676000),
	('2015', 8, 31, 0, 0, 1287, 0, 90, 0, 0, 1, 23, 4635000, 62754600, 15859000),
	('2015', 8, 32, 0, 0, 2917, 0, 318, 1, 0, 8, 143, 10911000, 170915200, 36239000),
	('2015', 8, 33, 0, 0, 1459, 0, 173, 0, 0, 2, 79, 5403000, 87482000, 17295000),
	('2015', 9, 1, 25, 0, 10949, 16, 4430, 98, 33, 50, 1943, 57192000, 1360687300, 247953000),
	('2015', 9, 2, 4, 0, 11243, 7, 3322, 30, 11, 40, 646, 49713000, 990252800, 206682000),
	('2015', 9, 3, 0, 0, 1923, 2, 390, 10, 0, 0, 38, 7332000, 126504000, 22948000),
	('2015', 9, 4, 0, 0, 2148, 0, 598, 4, 3, 1, 90, 8889000, 172237000, 31105000),
	('2015', 9, 5, 0, 0, 1781, 1, 290, 1, 1, 0, 111, 7035000, 121696000, 25732000),
	('2015', 9, 6, 0, 0, 5046, 0, 819, 0, 0, 11, 251, 20583000, 345779400, 83627000),
	('2015', 9, 7, 1, 0, 2929, 0, 376, 0, 1, 2, 149, 11109000, 181243800, 47012000),
	('2015', 9, 8, 0, 0, 2033, 1, 233, 0, 0, 0, 112, 7533000, 120548000, 23796000),
	('2015', 9, 9, 5, 0, 3739, 1, 465, 2, 4, 4, 183, 14094000, 226999800, 53240000),
	('2015', 9, 10, 0, 0, 2788, 1, 554, 3, 4, 2, 191, 11586000, 210234000, 46824000),
	('2015', 9, 11, 0, 0, 3392, 1, 450, 0, 0, 1, 147, 12963000, 206209500, 51776000),
	('2015', 9, 12, 9, 0, 4927, 0, 599, 0, 0, 12, 239, 18651000, 296143900, 66155000),
	('2015', 9, 13, 0, 0, 1731, 0, 150, 0, 0, 4, 47, 6255000, 89264000, 21622000),
	('2015', 9, 14, 0, 0, 4496, 0, 182, 0, 0, 3, 69, 15135000, 190054700, 43490000),
	('2015', 9, 15, 0, 0, 778, 0, 9, 0, 0, 0, 3, 2457000, 27564000, 5444000),
	('2015', 9, 16, 0, 0, 1847, 0, 282, 0, 1, 3, 145, 7272000, 128366000, 27285000),
	('2015', 9, 17, 0, 0, 1451, 0, 188, 0, 2, 0, 76, 5352000, 87592000, 15208000),
	('2015', 9, 18, 0, 0, 610, 0, 114, 0, 1, 2, 79, 2574000, 51680000, 12648000),
	('2015', 9, 19, 1, 0, 547, 0, 64, 0, 0, 0, 22, 1980000, 31248000, 6404000),
	('2015', 9, 20, 0, 0, 374, 0, 51, 0, 0, 0, 16, 1401000, 22608000, 4744000),
	('2015', 9, 21, 0, 0, 819, 1, 269, 4, 0, 1, 52, 3654000, 76461000, 16279000),
	('2015', 9, 22, 0, 0, 654, 0, 94, 0, 0, 0, 84, 2664000, 49320000, 11452000),
	('2015', 9, 23, 0, 0, 360, 0, 53, 0, 0, 1, 36, 1413000, 25715000, 5355000),
	('2015', 9, 24, 0, 0, 422, 0, 67, 0, 0, 0, 26, 1608000, 27716000, 5480000),
	('2015', 9, 25, 0, 0, 1826, 1, 257, 0, 0, 0, 103, 6741000, 113256000, 18308000),
	('2015', 9, 26, 0, 0, 84, 0, 0, 0, 0, 0, 0, 258000, 2752000, 640000),
	('2015', 9, 27, 3, 1, 6068, 0, 1048, 10, 8, 10, 397, 24588000, 434120300, 99216000),
	('2015', 9, 28, 2, 1, 6450, 1, 1225, 14, 18, 12, 447, 25923000, 473325700, 86564000),
	('2015', 9, 29, 2, 0, 3393, 0, 199, 0, 0, 0, 54, 11727000, 152653900, 38536000),
	('2015', 9, 30, 0, 0, 1368, 0, 8, 0, 0, 0, 0, 4443000, 48208200, 13516000),
	('2015', 9, 31, 0, 0, 821, 0, 108, 0, 2, 0, 39, 3210000, 51009300, 14408000),
	('2015', 9, 32, 0, 0, 2400, 0, 308, 0, 0, 2, 165, 9309000, 153745300, 35402000),
	('2015', 9, 33, 0, 0, 1209, 0, 127, 1, 0, 1, 93, 4500000, 74441000, 15070000),
	('2015', 10, 1, 13, 0, 10255, 9, 4971, 49, 39, 40, 2196, 57099000, 1439719200, 262778000),
	('2015', 10, 2, 8, 0, 10786, 10, 3737, 34, 17, 34, 751, 49464000, 1040198000, 201235000),
	('2015', 10, 3, 0, 0, 1754, 0, 393, 4, 0, 1, 41, 6855000, 121597000, 24297000),
	('2015', 10, 4, 0, 0, 2188, 1, 649, 5, 1, 5, 70, 9105000, 177856000, 33654000),
	('2015', 10, 5, 0, 0, 1703, 0, 281, 3, 1, 2, 137, 6891000, 124658000, 28700000),
	('2015', 10, 6, 0, 0, 4406, 0, 907, 1, 1, 14, 368, 19065000, 356741800, 88004000),
	('2015', 10, 7, 2, 0, 2591, 0, 405, 0, 1, 1, 166, 10281000, 176270700, 47881000),
	('2015', 10, 8, 2, 0, 1906, 0, 252, 1, 1, 0, 101, 7161000, 117668000, 25988000),
	('2015', 10, 9, 0, 0, 3759, 0, 476, 2, 6, 6, 208, 14256000, 230901400, 54979000),
	('2015', 10, 10, 1, 0, 3021, 7, 645, 4, 2, 1, 334, 13185000, 258705700, 60843000),
	('2015', 10, 11, 1, 0, 2934, 0, 474, 0, 1, 2, 206, 11658000, 202293100, 53563000),
	('2015', 10, 12, 2, 0, 4726, 0, 627, 0, 5, 15, 300, 18420000, 306356300, 72420000),
	('2015', 10, 13, 3, 0, 1617, 0, 150, 0, 0, 5, 85, 5967000, 91399000, 21062000),
	('2015', 10, 14, 0, 0, 4561, 0, 227, 0, 1, 6, 79, 15570000, 201552500, 43564000),
	('2015', 10, 15, 0, 0, 655, 0, 5, 0, 0, 0, 7, 2061000, 23420000, 4620000),
	('2015', 10, 16, 1, 0, 1763, 0, 310, 0, 1, 1, 163, 7104000, 132445000, 27384000),
	('2015', 10, 17, 0, 0, 1460, 1, 192, 0, 0, 0, 77, 5403000, 89168000, 16500000),
	('2015', 10, 18, 0, 0, 605, 0, 118, 1, 0, 0, 100, 2640000, 54578000, 12364000),
	('2015', 10, 19, 0, 0, 491, 0, 93, 0, 0, 0, 34, 1905000, 34716000, 6200000),
	('2015', 10, 20, 1, 0, 359, 0, 74, 0, 0, 0, 16, 1431000, 25488000, 4732000),
	('2015', 10, 21, 0, 0, 717, 1, 264, 7, 0, 0, 53, 3306000, 72838000, 17350000),
	('2015', 10, 22, 0, 0, 731, 0, 110, 0, 2, 0, 94, 3006000, 57304000, 12740000),
	('2015', 10, 23, 0, 0, 367, 0, 64, 0, 0, 1, 35, 1497000, 28271000, 6527000),
	('2015', 10, 24, 1, 0, 371, 0, 76, 0, 0, 0, 25, 1485000, 27216000, 5176000),
	('2015', 10, 25, 0, 0, 1696, 0, 297, 0, 0, 1, 151, 6660000, 123079000, 19100000),
	('2015', 10, 26, 1, 0, 80, 0, 1, 0, 0, 0, 0, 279000, 2988000, 1120000),
	('2015', 10, 27, 0, 0, 6007, 1, 1064, 10, 4, 13, 444, 24393000, 438686600, 96584000),
	('2015', 10, 28, 2, 0, 6276, 0, 1328, 18, 14, 16, 659, 26508000, 523646200, 100518000),
	('2015', 10, 29, 1, 0, 2923, 0, 183, 0, 1, 0, 61, 10248000, 137503600, 36980000),
	('2015', 10, 30, 0, 0, 1188, 0, 12, 0, 0, 0, 2, 3852000, 42577300, 12820000),
	('2015', 10, 31, 4, 0, 768, 0, 123, 0, 0, 4, 36, 3147000, 51867700, 16348000),
	('2015', 10, 32, 1, 0, 2240, 0, 335, 2, 1, 2, 196, 9021000, 157530700, 39933000),
	('2015', 10, 33, 0, 0, 1030, 0, 189, 0, 0, 3, 129, 4230000, 82445000, 15127000),
	('2015', 11, 1, 31, 0, 9087, 12, 4513, 106, 44, 64, 1862, 51978000, 1295407500, 259025000),
	('2015', 11, 2, 3, 0, 9878, 7, 3342, 36, 8, 27, 813, 45513000, 968014000, 198457000),
	('2015', 11, 3, 0, 0, 1506, 0, 365, 7, 2, 1, 34, 5997000, 109181000, 21910000),
	('2015', 11, 4, 1, 0, 1877, 0, 656, 2, 1, 3, 86, 8211000, 171643000, 32742000),
	('2015', 11, 5, 0, 0, 1537, 0, 279, 1, 0, 0, 110, 6270000, 112162000, 24146000),
	('2015', 11, 6, 0, 0, 4054, 0, 874, 0, 0, 12, 310, 17610000, 331127700, 85986000),
	('2015', 11, 7, 0, 0, 2523, 0, 378, 0, 2, 4, 190, 9966000, 173855100, 43995000),
	('2015', 11, 8, 13, 0, 1736, 0, 230, 0, 0, 0, 81, 6669000, 106820000, 24756000),
	('2015', 11, 9, 4, 0, 3454, 0, 437, 2, 0, 3, 173, 13245000, 212699500, 58488000),
	('2015', 11, 10, 2, 0, 2570, 2, 612, 1, 3, 2, 259, 11757000, 232482000, 61658000),
	('2015', 11, 11, 1, 0, 2490, 0, 506, 0, 2, 4, 144, 10158000, 182908000, 47483000),
	('2015', 11, 12, 3, 0, 4348, 0, 573, 0, 0, 5, 319, 17112000, 285705900, 68207000),
	('2015', 11, 13, 0, 0, 1323, 0, 129, 0, 0, 7, 51, 4911000, 73229000, 18819000),
	('2015', 11, 14, 5, 0, 3910, 0, 206, 0, 1, 8, 95, 13698000, 182085600, 42505000),
	('2015', 11, 15, 0, 0, 495, 0, 14, 0, 0, 0, 3, 1605000, 19016000, 4336000),
	('2015', 11, 16, 3, 0, 1601, 0, 281, 0, 1, 0, 149, 6519000, 121034000, 24544000),
	('2015', 11, 17, 0, 0, 1107, 2, 181, 0, 1, 1, 54, 4245000, 72441000, 14779000),
	('2015', 11, 18, 2, 0, 520, 0, 123, 0, 1, 1, 66, 2322000, 48065000, 11468000),
	('2015', 11, 19, 0, 0, 454, 0, 69, 0, 0, 0, 37, 1767000, 31252000, 6548000),
	('2015', 11, 20, 0, 0, 332, 0, 55, 0, 0, 1, 18, 1287000, 22082000, 4491000),
	('2015', 11, 21, 0, 0, 727, 1, 240, 2, 1, 0, 39, 3231000, 67022000, 14408000),
	('2015', 11, 22, 0, 0, 654, 0, 93, 0, 0, 0, 95, 2682000, 51824000, 13076000),
	('2015', 11, 23, 0, 0, 324, 0, 53, 0, 0, 1, 25, 1260000, 22547000, 4467000),
	('2015', 11, 24, 0, 0, 340, 0, 81, 0, 0, 0, 27, 1425000, 27620000, 4608000),
	('2015', 11, 25, 0, 0, 1569, 1, 229, 0, 0, 0, 124, 5982000, 105404000, 16900000),
	('2015', 11, 26, 0, 0, 98, 0, 0, 0, 0, 0, 0, 318000, 3392000, 864000),
	('2015', 11, 27, 4, 1, 4868, 3, 1005, 12, 2, 11, 473, 20922000, 393235600, 93881000),
	('2015', 11, 28, 4, 0, 5585, 0, 1270, 11, 16, 32, 644, 23895000, 485575400, 90903000),
	('2015', 11, 29, 1, 0, 2540, 1, 227, 0, 2, 0, 77, 9249000, 134092300, 35628000),
	('2015', 11, 30, 0, 0, 996, 0, 20, 0, 0, 0, 0, 3291000, 37054300, 11508000),
	('2015', 11, 31, 2, 0, 768, 0, 107, 0, 3, 1, 34, 3042000, 50780800, 16011000),
	('2015', 11, 32, 2, 0, 2049, 0, 292, 1, 1, 3, 159, 8094000, 140607200, 32665000),
	('2015', 11, 33, 0, 0, 1084, 0, 171, 0, 1, 2, 68, 4158000, 72076000, 15886000),
	('2015', 12, 1, 30, 0, 8617, 6, 4718, 65, 58, 107, 1837, 51570000, 1326613900, 284481000),
	('2015', 12, 2, 3, 0, 10727, 10, 3793, 35, 17, 18, 719, 49809000, 1049576600, 212595000),
	('2015', 12, 3, 0, 0, 1520, 0, 376, 9, 0, 2, 26, 6072000, 110060000, 20773000),
	('2015', 12, 4, 2, 0, 1930, 0, 726, 8, 1, 4, 78, 8658000, 183062000, 37175000),
	('2015', 12, 5, 0, 0, 1633, 0, 325, 0, 0, 2, 133, 6831000, 126562000, 28311000),
	('2015', 12, 6, 4, 0, 4157, 0, 1011, 1, 4, 16, 361, 18771000, 365195100, 92803000),
	('2015', 12, 7, 6, 0, 2584, 0, 458, 2, 4, 4, 186, 10410000, 187331700, 47135000),
	('2015', 12, 8, 4, 0, 1766, 0, 344, 0, 1, 0, 104, 7161000, 129626000, 31556000),
	('2015', 12, 9, 6, 0, 3339, 2, 541, 1, 3, 3, 223, 13386000, 232578000, 55940000),
	('2015', 12, 10, 2, 0, 2505, 0, 709, 4, 11, 1, 277, 11754000, 244928800, 58824000),
	('2015', 12, 11, 1, 0, 2871, 0, 484, 0, 0, 3, 156, 11301000, 193053200, 47120000),
	('2015', 12, 12, 3, 0, 4297, 0, 633, 0, 2, 13, 291, 17190000, 294108100, 71974000),
	('2015', 12, 13, 2, 0, 1407, 0, 196, 0, 2, 2, 65, 5508000, 89506000, 22359000),
	('2015', 12, 14, 6, 0, 3554, 0, 216, 0, 0, 8, 88, 12765000, 172327000, 47117000),
	('2015', 12, 15, 0, 0, 536, 0, 11, 0, 0, 0, 4, 1743000, 20400000, 4652000),
	('2015', 12, 16, 0, 0, 1708, 0, 310, 0, 0, 1, 149, 6948000, 128911000, 26336000),
	('2015', 12, 17, 1, 0, 1085, 0, 192, 0, 0, 0, 69, 4317000, 75820000, 17712000),
	('2015', 12, 18, 1, 0, 604, 1, 150, 1, 1, 1, 109, 2847000, 63727000, 15952000),
	('2015', 12, 19, 0, 0, 508, 0, 92, 0, 0, 0, 41, 2037000, 37364000, 7584000),
	('2015', 12, 20, 0, 0, 429, 0, 66, 0, 0, 0, 9, 1629000, 25656000, 5604000),
	('2015', 12, 21, 1, 0, 718, 0, 265, 4, 1, 1, 49, 3291000, 70653000, 13037000),
	('2015', 12, 22, 0, 0, 764, 0, 118, 0, 0, 0, 104, 3156000, 61440000, 14344000),
	('2015', 12, 23, 0, 0, 287, 0, 46, 0, 0, 0, 24, 1110000, 20008000, 4076000),
	('2015', 12, 24, 0, 0, 349, 0, 57, 0, 0, 0, 20, 1350000, 23116000, 4940000),
	('2015', 12, 25, 0, 0, 1631, 1, 275, 0, 0, 0, 126, 6270000, 113612000, 19076000),
	('2015', 12, 26, 0, 0, 96, 0, 1, 0, 0, 0, 2, 312000, 3692000, 1088000),
	('2015', 12, 27, 11, 0, 4822, 1, 1139, 10, 5, 7, 453, 21111000, 413867600, 91801000),
	('2015', 12, 28, 10, 0, 5002, 2, 1389, 11, 9, 24, 501, 22407000, 462259600, 93678000),
	('2015', 12, 29, 26, 0, 3056, 0, 282, 0, 0, 0, 92, 11334000, 165786600, 46024000),
	('2015', 12, 30, 4, 0, 1272, 0, 19, 0, 0, 0, 1, 4458000, 48979900, 17364000),
	('2015', 12, 31, 5, 0, 803, 0, 141, 0, 1, 1, 33, 3294000, 56532600, 16743000),
	('2015', 12, 32, 0, 0, 2074, 0, 336, 1, 1, 5, 144, 8220000, 142742100, 34638000),
	('2015', 12, 33, 0, 0, 1048, 0, 205, 0, 3, 0, 61, 4221000, 76142000, 17792000),
	('2016', 1, 1, 20, 0, 8644, 8, 5553, 87, 54, 36, 1549, 52857000, 1399409700, 234194000),
	('2016', 1, 2, 16, 0, 11758, 5, 3803, 18, 12, 19, 743, 53187000, 1094496400, 199501000),
	('2016', 1, 3, 0, 0, 1672, 2, 391, 12, 0, 0, 31, 6540000, 117626000, 19376000),
	('2016', 1, 4, 0, 0, 2273, 5, 760, 3, 2, 6, 86, 9735000, 199219000, 32541000),
	('2016', 1, 5, 0, 0, 1631, 2, 338, 0, 0, 0, 130, 6723000, 126680000, 22284000),
	('2016', 1, 6, 2, 0, 4379, 0, 923, 2, 1, 11, 409, 19512000, 373778600, 80476000),
	('2016', 1, 7, 2, 0, 2528, 0, 379, 0, 2, 5, 212, 10161000, 179989900, 38163000),
	('2016', 1, 8, 1, 0, 2107, 1, 319, 0, 0, 0, 81, 8055000, 131404000, 26480000),
	('2016', 1, 9, 1, 0, 3208, 1, 462, 1, 1, 3, 239, 12693000, 219076600, 47103000),
	('2016', 1, 10, 0, 0, 2410, 0, 620, 1, 2, 1, 269, 11040000, 225445300, 53551000),
	('2016', 1, 11, 1, 0, 2664, 3, 444, 0, 1, 2, 185, 10689000, 189774600, 47388000),
	('2016', 1, 12, 7, 0, 4410, 0, 611, 0, 4, 6, 253, 17304000, 286920500, 60482000),
	('2016', 1, 13, 1, 0, 1572, 1, 142, 0, 0, 7, 71, 5787000, 87221000, 19379000),
	('2016', 1, 14, 1, 0, 4659, 0, 210, 0, 1, 5, 81, 15942000, 205953600, 45116000),
	('2016', 1, 15, 0, 0, 551, 0, 11, 0, 0, 0, 10, 1761000, 21252000, 3856000),
	('2016', 1, 16, 0, 0, 1755, 0, 308, 0, 3, 2, 156, 7023000, 130200000, 22694000),
	('2016', 1, 17, 1, 0, 1136, 0, 150, 0, 0, 0, 59, 4278000, 69460000, 13636000),
	('2016', 1, 18, 0, 0, 499, 1, 148, 3, 1, 1, 78, 2382000, 52635000, 11678000),
	('2016', 1, 19, 1, 0, 488, 0, 88, 0, 0, 0, 24, 1833000, 32312000, 5260000),
	('2016', 1, 20, 0, 0, 385, 0, 70, 0, 0, 0, 21, 1500000, 26356000, 5460000),
	('2016', 1, 21, 1, 0, 871, 0, 292, 2, 0, 0, 61, 3795000, 80732000, 12880000),
	('2016', 1, 22, 0, 0, 745, 1, 124, 0, 0, 0, 87, 2976000, 56684000, 11044000),
	('2016', 1, 23, 1, 0, 310, 0, 40, 0, 0, 0, 42, 1248000, 23192000, 5340000),
	('2016', 1, 24, 0, 0, 381, 0, 53, 0, 1, 0, 27, 1524000, 25682000, 6116000),
	('2016', 1, 25, 1, 0, 1431, 0, 230, 0, 0, 0, 107, 5493000, 97764000, 17608000),
	('2016', 1, 26, 0, 0, 100, 0, 1, 0, 0, 0, 0, 315000, 3468000, 1120000),
	('2016', 1, 27, 4, 2, 5519, 0, 1066, 11, 7, 21, 403, 22932000, 422021400, 89085000),
	('2016', 1, 28, 3, 1, 5690, 1, 1329, 13, 12, 20, 589, 24348000, 489809600, 81072000),
	('2016', 1, 29, 3, 0, 3276, 1, 262, 0, 1, 1, 62, 11535000, 159258500, 33695000),
	('2016', 1, 30, 0, 0, 1274, 0, 20, 0, 0, 0, 3, 4176000, 47080400, 11476000),
	('2016', 1, 31, 0, 0, 1060, 0, 162, 0, 0, 3, 27, 4104000, 66743700, 18545000),
	('2016', 1, 32, 1, 0, 2005, 0, 282, 2, 1, 8, 138, 7911000, 134578500, 31501000),
	('2016', 1, 33, 0, 0, 1137, 0, 176, 0, 7, 1, 68, 4404000, 76001000, 14848000),
	('2016', 2, 1, 7, 0, 7974, 8, 4503, 34, 39, 13, 1484, 46575000, 1194859700, 209513000),
	('2016', 2, 2, 6, 0, 9521, 11, 3458, 40, 7, 7, 669, 44982000, 960345600, 184281000),
	('2016', 2, 3, 0, 0, 1591, 0, 347, 13, 1, 0, 28, 6174000, 107744000, 18410000),
	('2016', 2, 4, 0, 0, 1969, 4, 717, 1, 1, 4, 110, 8766000, 187228000, 32819000),
	('2016', 2, 5, 0, 0, 1495, 4, 280, 0, 0, 2, 97, 6066000, 110346000, 22248000),
	('2016', 2, 6, 0, 0, 3430, 1, 831, 2, 0, 6, 364, 15732000, 311721100, 75553000),
	('2016', 2, 7, 2, 0, 2533, 0, 381, 0, 0, 8, 138, 9849000, 164463600, 41591000),
	('2016', 2, 8, 4, 0, 1659, 0, 243, 0, 0, 0, 62, 6183000, 101576000, 18976000),
	('2016', 2, 9, 3, 0, 3016, 2, 400, 1, 2, 3, 229, 11775000, 198358100, 44360000),
	('2016', 2, 10, 0, 0, 2538, 2, 554, 0, 4, 3, 291, 11283000, 223979700, 51980000),
	('2016', 2, 11, 2, 0, 2752, 1, 407, 0, 4, 0, 151, 10710000, 179821800, 42576000),
	('2016', 2, 12, 4, 0, 3949, 0, 577, 0, 1, 6, 258, 15720000, 268470800, 63762000),
	('2016', 2, 13, 0, 0, 1198, 0, 136, 0, 1, 3, 55, 4530000, 70331000, 15439000),
	('2016', 2, 14, 0, 0, 3996, 0, 179, 0, 1, 3, 67, 13791000, 175921600, 41664000),
	('2016', 2, 15, 0, 0, 614, 0, 8, 0, 0, 0, 5, 1935000, 22144000, 4172000),
	('2016', 2, 16, 0, 0, 1542, 0, 270, 0, 2, 3, 139, 6216000, 114857000, 20914000),
	('2016', 2, 17, 1, 0, 968, 0, 177, 0, 0, 0, 48, 3777000, 66056000, 12660000),
	('2016', 2, 18, 0, 0, 479, 0, 137, 6, 1, 1, 75, 2337000, 51871000, 12772000),
	('2016', 2, 19, 0, 0, 443, 0, 67, 0, 0, 1, 31, 1668000, 29051000, 4720000),
	('2016', 2, 20, 0, 0, 364, 0, 40, 0, 0, 0, 18, 1365000, 21440000, 4800000),
	('2016', 2, 21, 1, 0, 711, 0, 191, 4, 0, 0, 34, 2907000, 57032000, 9594000),
	('2016', 2, 22, 0, 0, 628, 0, 91, 0, 2, 0, 75, 2508000, 46524000, 10696000),
	('2016', 2, 23, 1, 0, 294, 1, 42, 0, 0, 0, 17, 1161000, 19220000, 4668000),
	('2016', 2, 24, 0, 0, 349, 0, 55, 0, 0, 0, 20, 1344000, 23160000, 4588000),
	('2016', 2, 25, 0, 0, 1283, 0, 244, 0, 1, 0, 106, 5049000, 95122000, 15768000),
	('2016', 2, 26, 0, 0, 105, 0, 1, 0, 0, 0, 0, 351000, 3852000, 1056000),
	('2016', 2, 27, 0, 0, 4882, 0, 984, 10, 8, 11, 365, 20028000, 371539400, 74508000),
	('2016', 2, 28, 3, 0, 4865, 0, 1221, 22, 25, 16, 515, 21096000, 432390100, 73932000),
	('2016', 2, 29, 0, 0, 2892, 0, 226, 0, 0, 0, 31, 10095000, 135886600, 31180000),
	('2016', 2, 30, 0, 0, 1307, 0, 17, 0, 0, 0, 0, 4212000, 46934800, 12600000),
	('2016', 2, 31, 1, 0, 884, 0, 138, 0, 0, 2, 29, 3411000, 55641700, 13680000),
	('2016', 2, 32, 1, 0, 1792, 0, 260, 1, 1, 4, 125, 7122000, 122125700, 29160000),
	('2016', 2, 33, 0, 0, 987, 0, 143, 0, 1, 1, 67, 3747000, 64957000, 13816000),
	('2016', 3, 1, 13, 0, 8692, 10, 4908, 55, 53, 35, 1618, 51117000, 1317575400, 244116000),
	('2016', 3, 2, 6, 0, 10554, 10, 3740, 43, 10, 41, 683, 49170000, 1040071800, 199790000),
	('2016', 3, 3, 0, 0, 1635, 1, 428, 10, 0, 1, 38, 6534000, 121955000, 20778000),
	('2016', 3, 4, 0, 0, 2185, 3, 732, 5, 0, 7, 102, 9582000, 197003000, 37207000),
	('2016', 3, 5, 1, 0, 1640, 0, 286, 2, 0, 2, 130, 6708000, 121258000, 24174000),
	('2016', 3, 6, 2, 0, 3916, 3, 941, 2, 0, 10, 345, 17697000, 342848000, 83561000),
	('2016', 3, 7, 0, 0, 2469, 0, 412, 1, 0, 6, 173, 9978000, 175664000, 42056000),
	('2016', 3, 8, 1, 0, 1614, 0, 271, 0, 0, 2, 59, 6153000, 102982000, 21260000),
	('2016', 3, 9, 1, 0, 3253, 1, 469, 5, 0, 0, 182, 12747000, 211024400, 55252000),
	('2016', 3, 10, 0, 0, 2572, 0, 703, 5, 3, 1, 195, 11718000, 232728000, 61177000),
	('2016', 3, 11, 14, 0, 2785, 2, 443, 0, 1, 2, 147, 10899000, 185338200, 48292000),
	('2016', 3, 12, 2, 0, 4168, 0, 641, 0, 1, 6, 258, 16614000, 283097700, 66246000),
	('2016', 3, 13, 1, 0, 1337, 0, 177, 0, 0, 3, 82, 5223000, 86401000, 19276000),
	('2016', 3, 14, 1, 0, 4485, 0, 222, 1, 0, 4, 54, 15615000, 198086000, 48000000),
	('2016', 3, 15, 0, 0, 634, 0, 9, 0, 0, 0, 7, 2010000, 23416000, 4240000),
	('2016', 3, 16, 0, 0, 1489, 0, 317, 0, 0, 2, 118, 6075000, 115538000, 22536000),
	('2016', 3, 17, 1, 0, 1103, 1, 186, 0, 0, 0, 68, 4311000, 76108000, 14224000),
	('2016', 3, 18, 1, 0, 517, 0, 141, 1, 0, 0, 98, 2451000, 55986000, 12282000),
	('2016', 3, 19, 0, 0, 517, 0, 78, 0, 0, 0, 36, 1959000, 33928000, 5172000),
	('2016', 3, 20, 0, 0, 379, 0, 64, 0, 0, 0, 11, 1437000, 23776000, 4888000),
	('2016', 3, 21, 0, 0, 834, 1, 242, 4, 0, 0, 47, 3492000, 69836000, 9822000),
	('2016', 3, 22, 0, 0, 678, 0, 88, 0, 2, 0, 106, 2826000, 54564000, 11540000),
	('2016', 3, 23, 0, 0, 317, 0, 44, 0, 0, 0, 20, 1185000, 20188000, 3796000),
	('2016', 3, 24, 2, 0, 282, 0, 66, 0, 0, 0, 27, 1194000, 23364000, 3792000),
	('2016', 3, 25, 3, 0, 1338, 1, 261, 0, 0, 0, 105, 5370000, 99352000, 17272000),
	('2016', 3, 26, 0, 0, 115, 0, 4, 0, 0, 0, 1, 381000, 4624000, 1512000),
	('2016', 3, 27, 3, 0, 5207, 1, 1098, 10, 5, 14, 443, 21831000, 417519200, 83474000),
	('2016', 3, 28, 2, 3, 5252, 0, 1341, 16, 12, 73, 830, 23799000, 516352700, 85500000),
	('2016', 3, 29, 3, 0, 2906, 0, 225, 1, 3, 1, 61, 10275000, 142158800, 31984000),
	('2016', 3, 30, 0, 0, 1456, 0, 26, 0, 0, 0, 2, 4914000, 55408100, 18028000),
	('2016', 3, 31, 2, 0, 931, 0, 140, 0, 6, 1, 28, 3591000, 58805300, 16338000),
	('2016', 3, 32, 0, 0, 1898, 0, 289, 1, 0, 2, 129, 7482000, 128786900, 26863000),
	('2016', 3, 33, 0, 0, 1222, 0, 199, 0, 0, 0, 71, 4641000, 80732000, 15548000),
	('2016', 4, 1, 40, 0, 8402, 17, 4317, 30, 31, 82, 1526, 48312000, 1213118800, 243003000),
	('2016', 4, 2, 3, 0, 9799, 12, 3549, 28, 23, 32, 686, 45972000, 985413700, 185210000),
	('2016', 4, 3, 0, 0, 1590, 0, 402, 3, 0, 0, 30, 6261000, 114586000, 18578000),
	('2016', 4, 4, 0, 0, 2068, 10, 683, 2, 0, 4, 90, 8937000, 183588000, 33428000),
	('2016', 4, 5, 0, 0, 1491, 1, 298, 1, 0, 3, 86, 6120000, 110855000, 21469000),
	('2016', 4, 6, 1, 0, 3668, 0, 856, 4, 0, 12, 35, 16647000, 318938000, 78102000),
	('2016', 4, 7, 4, 0, 2486, 1, 430, 0, 0, 3, 184, 10167000, 180935800, 39615000),
	('2016', 4, 8, 3, 0, 1519, 0, 237, 0, 1, 1, 57, 5742000, 95189000, 19967000),
	('2016', 4, 9, 3, 0, 2923, 1, 460, 1, 1, 2, 155, 11451000, 192927300, 44638000),
	('2016', 4, 10, 1, 0, 2661, 15, 840, 3, 10, 7, 306, 12615000, 271872400, 66218000),
	('2016', 4, 11, 1, 0, 2648, 2, 404, 0, 2, 1, 170, 10425000, 177801300, 40715000),
	('2016', 4, 12, 2, 0, 3773, 0, 594, 0, 3, 7, 229, 15048000, 255504100, 58565000),
	('2016', 4, 13, 1, 0, 1141, 0, 213, 0, 2, 2, 78, 4641000, 82914000, 16116000),
	('2016', 4, 14, 1, 0, 3488, 0, 219, 0, 3, 2, 67, 12273000, 162948600, 38511000),
	('2016', 4, 15, 0, 0, 529, 0, 10, 0, 0, 1, 11, 1698000, 20655000, 3487000),
	('2016', 4, 16, 2, 0, 1331, 2, 251, 0, 0, 0, 108, 5256000, 98276000, 17356000),
	('2016', 4, 17, 1, 0, 1100, 0, 186, 0, 1, 0, 67, 4299000, 75294000, 16636000),
	('2016', 4, 18, 0, 0, 631, 4, 106, 2, 3, 0, 86, 2649000, 51934000, 11164000),
	('2016', 4, 19, 1, 0, 458, 0, 77, 0, 0, 0, 33, 1767000, 31484000, 5424000),
	('2016', 4, 20, 0, 0, 352, 0, 48, 0, 0, 0, 23, 1359000, 23056000, 4732000),
	('2016', 4, 21, 0, 0, 821, 0, 246, 2, 0, 0, 36, 3441000, 68642000, 9952000),
	('2016', 4, 22, 1, 0, 622, 1, 84, 0, 1, 0, 77, 2544000, 47378000, 11032000),
	('2016', 4, 23, 0, 0, 255, 0, 48, 0, 0, 0, 14, 972000, 17344000, 2816000),
	('2016', 4, 24, 0, 0, 348, 0, 76, 0, 0, 0, 27, 1410000, 26920000, 5048000),
	('2016', 4, 25, 0, 0, 1594, 0, 256, 0, 0, 1, 87, 5997000, 103603000, 16903000),
	('2016', 4, 26, 0, 0, 94, 0, 0, 0, 0, 0, 2, 330000, 3776000, 1412000),
	('2016', 4, 27, 9, 0, 5016, 0, 1170, 13, 9, 8, 556, 21924000, 440575200, 86880000),
	('2016', 4, 28, 5, 1, 4757, 1, 1313, 18, 24, 26, 523, 21363000, 447953900, 87258000),
	('2016', 4, 29, 0, 0, 2504, 0, 220, 0, 4, 0, 65, 9099000, 131969200, 33712000),
	('2016', 4, 30, 0, 0, 1138, 1, 48, 0, 0, 0, 0, 3942000, 48045400, 16336000),
	('2016', 4, 31, 0, 0, 746, 0, 105, 0, 0, 1, 29, 2937000, 47537200, 13715000),
	('2016', 4, 32, 0, 0, 1868, 0, 277, 0, 1, 3, 148, 7416000, 128555700, 29450000),
	('2016', 4, 33, 0, 0, 1070, 0, 167, 1, 3, 1, 77, 4161000, 74415000, 14332000),
	('2016', 5, 1, 16, 0, 7839, 9, 3895, 26, 48, 48, 1469, 44967000, 1116289000, 241968000),
	('2016', 5, 2, 28, 0, 11385, 4, 4263, 20, 14, 30, 767, 53409000, 1151286100, 200844000),
	('2016', 5, 3, 0, 0, 1677, 0, 408, 7, 0, 0, 37, 6612000, 119938000, 19970000),
	('2016', 5, 4, 1, 0, 2258, 4, 748, 6, 1, 4, 90, 9852000, 199788000, 34934000),
	('2016', 5, 5, 0, 0, 1806, 0, 324, 0, 1, 1, 87, 7164000, 123965000, 25092000),
	('2016', 5, 6, 1, 0, 4247, 0, 922, 0, 3, 7, 243, 18495000, 336832100, 84602000),
	('2016', 5, 7, 0, 0, 2525, 0, 431, 1, 2, 4, 182, 10191000, 180221600, 39186000),
	('2016', 5, 8, 1, 0, 1654, 0, 261, 0, 3, 0, 66, 6309000, 104834000, 21300000),
	('2016', 5, 9, 3, 0, 3323, 0, 498, 3, 3, 2, 181, 12918000, 215740700, 46827000),
	('2016', 5, 10, 0, 0, 2706, 0, 898, 1, 6, 0, 282, 13023000, 279500600, 68284000),
	('2016', 5, 11, 2, 0, 2716, 2, 505, 0, 1, 0, 156, 11076000, 197087600, 50356000),
	('2016', 5, 12, 3, 0, 4285, 0, 576, 0, 8, 8, 229, 16758000, 276017300, 61743000),
	('2016', 5, 13, 1, 0, 1338, 0, 152, 0, 0, 3, 58, 5088000, 78353000, 17416000),
	('2016', 5, 14, 0, 0, 3865, 1, 183, 0, 0, 7, 72, 13380000, 171970300, 39037000),
	('2016', 5, 15, 0, 0, 681, 0, 12, 0, 0, 0, 4, 2157000, 24924000, 4972000),
	('2016', 5, 16, 0, 0, 1481, 0, 272, 0, 3, 1, 121, 5871000, 108585000, 19960000),
	('2016', 5, 17, 0, 0, 1035, 0, 155, 0, 0, 0, 36, 3954000, 63652000, 13160000),
	('2016', 5, 18, 0, 0, 704, 0, 147, 0, 0, 0, 84, 3042000, 60924000, 13476000),
	('2016', 5, 19, 0, 0, 525, 0, 90, 0, 0, 0, 24, 1977000, 34224000, 5688000),
	('2016', 5, 20, 0, 0, 344, 0, 44, 0, 0, 0, 13, 1278000, 20284000, 3752000),
	('2016', 5, 21, 0, 0, 875, 0, 270, 2, 1, 0, 49, 3687000, 75190000, 10920000),
	('2016', 5, 22, 0, 0, 643, 0, 107, 0, 1, 1, 68, 2619000, 48497000, 10216000),
	('2016', 5, 23, 0, 0, 314, 0, 56, 0, 0, 0, 17, 1200000, 21280000, 2984000),
	('2016', 5, 24, 0, 0, 412, 0, 69, 0, 0, 0, 16, 1605000, 26836000, 4880000),
	('2016', 5, 25, 0, 0, 1918, 0, 283, 0, 0, 1, 88, 7092000, 117639000, 16568000),
	('2016', 5, 26, 0, 0, 103, 0, 1, 0, 0, 0, 0, 357000, 3916000, 1312000),
	('2016', 5, 27, 5, 0, 5385, 1, 1166, 10, 9, 13, 408, 22617000, 424706800, 91226000),
	('2016', 5, 28, 1, 0, 5257, 0, 1431, 15, 20, 26, 454, 23055000, 470811400, 85165000),
	('2016', 5, 29, 6, 0, 2735, 0, 202, 0, 6, 0, 89, 9879000, 138707000, 30728000),
	('2016', 5, 30, 0, 0, 1218, 0, 51, 0, 0, 0, 6, 4239000, 52645700, 18228000),
	('2016', 5, 31, 0, 0, 690, 1, 99, 0, 0, 0, 18, 2637000, 41731900, 10908000),
	('2016', 5, 32, 0, 0, 2086, 0, 327, 3, 0, 2, 107, 8112000, 136885200, 32215000),
	('2016', 5, 33, 0, 0, 1236, 0, 175, 0, 0, 0, 58, 4647000, 77012000, 15692000),
	('2016', 6, 1, 25, 2, 8816, 8, 5272, 32, 54, 59, 1958, 54303000, 1441728900, 291560000),
	('2016', 6, 2, 9, 0, 12284, 4, 4765, 37, 24, 59, 711, 58005000, 1251251700, 221347000),
	('2016', 6, 3, 0, 0, 1913, 0, 470, 5, 1, 1, 33, 7476000, 135739000, 20606000),
	('2016', 6, 4, 1, 0, 2200, 0, 839, 3, 1, 2, 79, 9927000, 209072000, 37074000),
	('2016', 6, 5, 0, 0, 1964, 2, 413, 0, 0, 0, 107, 7941000, 145172000, 25328000),
	('2016', 6, 6, 0, 0, 5050, 0, 1101, 3, 3, 6, 315, 21783000, 399291400, 95808000),
	('2016', 6, 7, 4, 0, 3387, 1, 576, 0, 2, 2, 171, 13590000, 231440800, 59687000),
	('2016', 6, 8, 0, 0, 2085, 0, 346, 0, 0, 0, 85, 8073000, 135608000, 26248000),
	('2016', 6, 9, 1, 0, 4025, 1, 630, 2, 0, 3, 194, 15489000, 258569500, 56080000),
	('2016', 6, 10, 1, 0, 3256, 2, 1077, 2, 13, 6, 352, 15699000, 339280500, 83232000),
	('2016', 6, 11, 6, 0, 2946, 3, 582, 0, 1, 6, 147, 11991000, 211825400, 51231000),
	('2016', 6, 12, 1, 0, 5103, 0, 673, 0, 2, 7, 249, 19749000, 316894000, 70384000),
	('2016', 6, 13, 1, 0, 1654, 1, 205, 0, 1, 5, 73, 6297000, 99892000, 22265000),
	('2016', 6, 14, 1, 0, 4289, 1, 194, 0, 1, 5, 75, 14844000, 191048100, 45170000),
	('2016', 6, 15, 0, 0, 803, 0, 19, 0, 0, 0, 4, 2601000, 30308000, 5828000),
	('2016', 6, 16, 1, 0, 1887, 1, 342, 0, 0, 2, 142, 7434000, 136166000, 23428000),
	('2016', 6, 17, 0, 0, 1411, 0, 204, 0, 0, 0, 53, 5409000, 86856000, 19220000),
	('2016', 6, 18, 0, 0, 698, 0, 166, 2, 0, 1, 99, 3171000, 65883000, 15034000),
	('2016', 6, 19, 0, 0, 607, 0, 94, 0, 0, 0, 28, 2265000, 38132000, 6136000),
	('2016', 6, 20, 0, 0, 398, 0, 84, 0, 0, 0, 19, 1626000, 29192000, 6648000),
	('2016', 6, 21, 0, 0, 1072, 0, 336, 1, 0, 0, 52, 4554000, 92746000, 15356000),
	('2016', 6, 22, 0, 0, 755, 0, 111, 0, 0, 0, 70, 2973000, 53132000, 12324000),
	('2016', 6, 23, 0, 0, 377, 0, 66, 0, 0, 0, 25, 1449000, 25892000, 4544000),
	('2016', 6, 24, 0, 0, 517, 0, 96, 0, 1, 0, 26, 2028000, 35682000, 6260000),
	('2016', 6, 25, 0, 0, 2128, 0, 340, 0, 0, 0, 99, 7986000, 135136000, 20736000),
	('2016', 6, 26, 0, 0, 101, 0, 0, 0, 0, 0, 0, 378000, 4032000, 1632000),
	('2016', 6, 27, 2, 0, 6021, 2, 1345, 16, 8, 8, 578, 25707000, 502444500, 99477000),
	('2016', 6, 28, 1, 1, 5783, 0, 1686, 17, 19, 25, 508, 25713000, 532286400, 101703000),
	('2016', 6, 29, 0, 0, 3012, 1, 288, 0, 1, 0, 70, 11004000, 158407000, 34824000),
	('2016', 6, 30, 1, 0, 1430, 1, 206, 0, 1, 0, 23, 5553000, 87510000, 31256000),
	('2016', 6, 31, 1, 0, 868, 0, 128, 0, 1, 0, 26, 3456000, 57434100, 16988000),
	('2016', 6, 32, 1, 0, 2572, 0, 392, 0, 0, 9, 146, 10167000, 172742400, 40749000),
	('2016', 6, 33, 0, 0, 1286, 0, 186, 0, 0, 4, 76, 4983000, 84456000, 18791000),
	('2016', 7, 1, 25, 0, 7217, 10, 3607, 69, 27, 47, 1242, 41577000, 1029577000, 169890000),
	('2016', 7, 2, 4, 0, 10154, 14, 3052, 17, 19, 31, 552, 45264000, 905983900, 143754000),
	('2016', 7, 3, 0, 0, 1574, 0, 346, 6, 0, 0, 30, 6075000, 106560000, 18720000),
	('2016', 7, 4, 1, 0, 1836, 4, 569, 1, 0, 2, 72, 7824000, 155316000, 28407000),
	('2016', 7, 5, 0, 0, 1613, 0, 279, 0, 0, 1, 70, 6414000, 109511000, 21240000),
	('2016', 7, 6, 0, 0, 3851, 1, 732, 0, 1, 3, 214, 16218000, 290244600, 52027000),
	('2016', 7, 7, 0, 0, 2747, 0, 392, 1, 5, 5, 134, 10860000, 183581400, 32590000),
	('2016', 7, 8, 1, 0, 1913, 1, 199, 0, 1, 0, 80, 6918000, 106433000, 19652000),
	('2016', 7, 9, 1, 0, 3308, 0, 383, 2, 1, 3, 114, 12318000, 191105500, 33859000),
	('2016', 7, 10, 0, 0, 2254, 3, 644, 1, 2, 4, 168, 10557000, 218020400, 38559000),
	('2016', 7, 11, 2, 0, 2918, 0, 392, 0, 0, 1, 129, 11286000, 180957800, 41835000),
	('2016', 7, 12, 5, 0, 4693, 0, 485, 0, 4, 4, 192, 17886000, 273363900, 49027000),
	('2016', 7, 13, 0, 0, 1505, 1, 121, 0, 1, 7, 44, 5388000, 77878000, 14145000),
	('2016', 7, 14, 0, 0, 3834, 0, 164, 0, 0, 9, 47, 13365000, 167780300, 34541000),
	('2016', 7, 15, 0, 0, 715, 0, 15, 0, 0, 0, 6, 2418000, 28355000, 4452000),
	('2016', 7, 16, 0, 0, 1622, 1, 232, 0, 0, 1, 100, 6105000, 103903000, 19100000),
	('2016', 7, 17, 0, 0, 1108, 0, 155, 0, 0, 0, 43, 4203000, 68148000, 14040000),
	('2016', 7, 18, 0, 0, 615, 0, 120, 0, 0, 1, 76, 2676000, 53955000, 11452000),
	('2016', 7, 19, 0, 0, 576, 0, 70, 0, 0, 0, 23, 2103000, 33044000, 5948000),
	('2016', 7, 20, 0, 0, 444, 0, 46, 0, 0, 0, 15, 1593000, 23880000, 4460000),
	('2016', 7, 21, 0, 0, 729, 0, 198, 7, 0, 0, 34, 2985000, 58166000, 9274000),
	('2016', 7, 22, 0, 0, 580, 0, 97, 0, 1, 0, 42, 2289000, 40940000, 8172000),
	('2016', 7, 23, 0, 0, 319, 0, 42, 0, 0, 0, 18, 1191000, 19544000, 3472000),
	('2016', 7, 24, 1, 0, 451, 0, 66, 0, 0, 1, 10, 1665000, 26191000, 4927000),
	('2016', 7, 25, 0, 0, 1685, 1, 220, 0, 0, 0, 71, 6147000, 99496000, 16720000),
	('2016', 7, 26, 0, 0, 97, 0, 2, 0, 0, 0, 0, 384000, 4312000, 1344000),
	('2016', 7, 27, 0, 1, 5016, 0, 934, 4, 5, 12, 367, 20277000, 374008200, 63375000),
	('2016', 7, 28, 2, 0, 4458, 3, 1135, 5, 5, 14, 375, 19281000, 388785500, 63979000),
	('2016', 7, 29, 1, 0, 3131, 0, 133, 0, 2, 0, 50, 10845000, 137213900, 25944000),
	('2016', 7, 30, 0, 0, 1377, 0, 136, 1, 0, 1, 18, 5232000, 76289100, 17669000),
	('2016', 7, 31, 0, 0, 781, 0, 75, 0, 0, 1, 16, 2928000, 42206600, 7615000),
	('2016', 7, 32, 0, 0, 2040, 0, 243, 0, 0, 3, 166, 7962000, 134970900, 32507000),
	('2016', 7, 33, 2, 0, 1268, 0, 154, 0, 0, 2, 55, 4686000, 75033000, 13052000),
	('2016', 8, 1, 15, 0, 9858, 12, 4876, 194, 27, 39, 1587, 57789000, 1411651600, 210252000),
	('2016', 8, 2, 13, 0, 13320, 7, 3760, 39, 10, 28, 783, 60084000, 1181777600, 175656000),
	('2016', 8, 3, 1, 0, 1989, 0, 407, 7, 0, 0, 34, 7659000, 131504000, 19890000),
	('2016', 8, 4, 1, 0, 2440, 3, 703, 5, 1, 2, 77, 10245000, 197438000, 31950000),
	('2016', 8, 5, 0, 0, 2039, 0, 333, 1, 0, 1, 80, 7998000, 133977000, 21960000),
	('2016', 8, 6, 1, 0, 5264, 0, 977, 2, 2, 4, 333, 23334000, 417654300, 66442000),
	('2016', 8, 7, 1, 0, 3504, 0, 461, 0, 3, 6, 179, 14373000, 235941500, 38847000),
	('2016', 8, 8, 2, 0, 2392, 0, 262, 0, 0, 0, 105, 8928000, 139384000, 25060000),
	('2016', 8, 9, 8, 0, 4167, 0, 544, 6, 2, 4, 210, 16398000, 264596800, 44378000),
	('2016', 8, 10, 2, 0, 3101, 2, 879, 2, 5, 6, 352, 15300000, 319394200, 55929000),
	('2016', 8, 11, 3, 0, 3483, 0, 474, 0, 1, 1, 183, 14154000, 227696200, 46756000),
	('2016', 8, 12, 2, 0, 6253, 0, 629, 0, 1, 3, 276, 24429000, 375460600, 60822000),
	('2016', 8, 13, 0, 0, 1705, 0, 146, 0, 0, 2, 55, 6240000, 91386000, 14388000),
	('2016', 8, 14, 0, 0, 5722, 0, 226, 0, 1, 1, 122, 20538000, 263468100, 43748000),
	('2016', 8, 15, 0, 0, 1022, 0, 10, 0, 0, 0, 7, 3279000, 37276000, 6200000),
	('2016', 8, 16, 0, 0, 1858, 0, 255, 0, 0, 0, 116, 7146000, 121608000, 18616000),
	('2016', 8, 17, 0, 0, 1294, 0, 183, 0, 0, 0, 65, 4974000, 82388000, 12420000),
	('2016', 8, 18, 0, 0, 773, 1, 207, 3, 1, 1, 152, 3906000, 87895000, 15012000),
	('2016', 8, 19, 1, 0, 643, 0, 94, 0, 0, 0, 34, 2520000, 41676000, 6600000),
	('2016', 8, 20, 0, 0, 514, 0, 62, 0, 0, 1, 11, 1947000, 30067000, 5732000),
	('2016', 8, 21, 0, 0, 1017, 0, 236, 1, 0, 0, 57, 4089000, 77086000, 10156000),
	('2016', 8, 22, 0, 0, 734, 0, 84, 0, 1, 0, 62, 2817000, 47814000, 9692000),
	('2016', 8, 23, 0, 0, 400, 0, 63, 0, 0, 0, 27, 1563000, 27688000, 4340000),
	('2016', 8, 24, 0, 0, 569, 0, 70, 0, 0, 1, 19, 2088000, 32954000, 5271000),
	('2016', 8, 25, 0, 0, 2102, 1, 240, 0, 0, 1, 96, 7593000, 119991000, 16608000),
	('2016', 8, 26, 0, 0, 205, 0, 0, 0, 0, 0, 7, 840000, 9856000, 2144000),
	('2016', 8, 27, 1, 5, 6654, 2, 1179, 7, 3, 6, 408, 27993000, 492306100, 83957000),
	('2016', 8, 28, 2, 0, 6620, 2, 1392, 10, 21, 16, 808, 28761000, 577784500, 80016000),
	('2016', 8, 29, 3, 0, 4206, 0, 239, 0, 0, 0, 79, 15075000, 199263200, 30796000),
	('2016', 8, 30, 0, 0, 1508, 0, 89, 0, 0, 0, 6, 5481000, 71255400, 15452000),
	('2016', 8, 31, 0, 0, 1148, 0, 107, 0, 0, 0, 46, 4449000, 66148000, 13556000),
	('2016', 8, 32, 0, 0, 2808, 0, 379, 0, 0, 8, 194, 11352000, 192217200, 30174000),
	('2016', 8, 33, 0, 0, 1476, 0, 198, 0, 0, 1, 91, 5754000, 96055000, 16536000),
	('2016', 9, 1, 21, 0, 8988, 14, 5350, 94, 31, 33, 1849, 57210000, 1496287100, 218351000),
	('2016', 9, 2, 9, 0, 12158, 6, 3351, 32, 12, 45, 734, 54687000, 1073815000, 156467000),
	('2016', 9, 3, 0, 0, 1729, 0, 384, 9, 0, 0, 42, 6774000, 120242000, 21678000),
	('2016', 9, 4, 0, 0, 2257, 2, 669, 5, 1, 3, 74, 9543000, 186265000, 33122000),
	('2016', 9, 5, 1, 0, 1790, 0, 294, 1, 0, 0, 111, 7287000, 126966000, 19876000),
	('2016', 9, 6, 0, 0, 4963, 0, 959, 1, 0, 13, 291, 22017000, 391012600, 64052000),
	('2016', 9, 7, 4, 0, 3177, 1, 478, 0, 1, 8, 221, 13512000, 232942700, 44561000),
	('2016', 9, 8, 2, 0, 1856, 1, 250, 0, 0, 0, 115, 7161000, 118660000, 21352000),
	('2016', 9, 9, 1, 0, 3696, 1, 490, 1, 1, 3, 232, 14541000, 240081200, 45670000),
	('2016', 9, 10, 2, 0, 2971, 5, 779, 2, 3, 1, 315, 14559000, 296269600, 51533000),
	('2016', 9, 11, 0, 0, 3206, 0, 489, 0, 2, 0, 172, 13062000, 218742000, 45984000),
	('2016', 9, 12, 4, 0, 4709, 0, 654, 0, 3, 11, 275, 19521000, 321734400, 54721000),
	('2016', 9, 13, 1, 0, 1431, 4, 139, 0, 1, 5, 76, 5406000, 83537000, 15712000),
	('2016', 9, 14, 0, 0, 4738, 0, 211, 0, 1, 7, 106, 16881000, 217056000, 39021000),
	('2016', 9, 15, 0, 0, 823, 0, 14, 0, 0, 0, 9, 2715000, 31840000, 5712000),
	('2016', 9, 16, 0, 0, 1537, 0, 271, 0, 0, 0, 128, 6174000, 114832000, 17980000),
	('2016', 9, 17, 0, 0, 1250, 0, 149, 0, 0, 1, 69, 4812000, 77311000, 13228000),
	('2016', 9, 18, 0, 0, 688, 1, 269, 0, 5, 0, 180, 3909000, 98566000, 14376000),
	('2016', 9, 19, 0, 0, 547, 0, 87, 0, 0, 0, 30, 2127000, 36484000, 6160000),
	('2016', 9, 20, 0, 0, 373, 0, 70, 0, 0, 0, 14, 1566000, 26980000, 5144000),
	('2016', 9, 21, 0, 0, 923, 1, 318, 6, 0, 0, 36, 3711000, 68356000, 9488000),
	('2016', 9, 22, 0, 0, 572, 0, 88, 0, 1, 0, 76, 2382000, 45526000, 9560000),
	('2016', 9, 23, 0, 0, 357, 0, 55, 0, 0, 0, 34, 1458000, 26060000, 3500000),
	('2016', 9, 24, 0, 0, 454, 0, 58, 0, 0, 0, 27, 1686000, 27812000, 5592000),
	('2016', 9, 25, 0, 0, 1584, 1, 221, 0, 0, 0, 95, 5988000, 100812000, 14420000),
	('2016', 9, 26, 1, 0, 232, 0, 1, 0, 0, 0, 1, 804000, 8780000, 1444000),
	('2016', 9, 27, 4, 0, 5506, 0, 1050, 10, 2, 3, 332, 23253000, 412652100, 73303000),
	('2016', 9, 28, 2, 2, 6414, 3, 1383, 10, 25, 15, 701, 27765000, 553716500, 79284000),
	('2016', 9, 29, 0, 0, 2735, 0, 201, 0, 0, 5, 56, 9747000, 135868200, 26102000),
	('2016', 9, 30, 0, 0, 1297, 0, 32, 0, 0, 0, 0, 4440000, 51195600, 12604000),
	('2016', 9, 31, 0, 0, 901, 0, 129, 0, 2, 1, 42, 3843000, 62661200, 13683000),
	('2016', 9, 32, 0, 0, 2321, 0, 348, 1, 0, 1, 199, 9543000, 166576200, 30458000),
	('2016', 9, 33, 0, 0, 1198, 0, 174, 0, 0, 1, 149, 5016000, 93205000, 15783000),
	('2016', 10, 1, 20, 0, 9178, 10, 5596, 45, 54, 36, 1951, 58257000, 1528908800, 208006000),
	('2016', 10, 2, 7, 0, 11859, 2, 3574, 51, 18, 34, 893, 54927000, 1111691800, 167312000),
	('2016', 10, 3, 0, 0, 1757, 0, 422, 6, 0, 0, 40, 7056000, 127760000, 20068000),
	('2016', 10, 4, 0, 0, 2232, 0, 750, 7, 2, 6, 83, 9774000, 199921000, 32416000),
	('2016', 10, 5, 0, 0, 1916, 0, 307, 3, 0, 1, 131, 7074000, 125549000, 20548000),
	('2016', 10, 6, 0, 0, 4753, 1, 1024, 0, 3, 11, 400, 21813000, 411864900, 67099000),
	('2016', 10, 7, 3, 0, 3155, 1, 512, 0, 3, 4, 231, 13758000, 242004700, 40245000),
	('2016', 10, 8, 0, 0, 1727, 0, 244, 0, 1, 0, 95, 6714000, 111298000, 19868000),
	('2016', 10, 9, 1, 0, 3764, 1, 479, 3, 5, 3, 202, 14706000, 233810900, 47365000),
	('2016', 10, 10, 3, 0, 3227, 7, 857, 3, 3, 0, 326, 15585000, 315661600, 59146000),
	('2016', 10, 11, 2, 0, 2764, 0, 524, 0, 1, 2, 203, 11949000, 211637800, 39532000),
	('2016', 10, 12, 4, 0, 4853, 0, 652, 0, 4, 11, 306, 20097000, 330811300, 55807000),
	('2016', 10, 13, 2, 0, 1478, 0, 156, 0, 0, 6, 87, 5187000, 83578000, 15782000),
	('2016', 10, 14, 2, 0, 3881, 0, 205, 0, 1, 4, 79, 13995000, 182528300, 32921000),
	('2016', 10, 15, 0, 0, 517, 0, 8, 0, 0, 0, 9, 1692000, 20428000, 3756000),
	('2016', 10, 16, 2, 0, 1549, 1, 263, 0, 1, 1, 153, 5910000, 111285000, 16267000),
	('2016', 10, 17, 0, 0, 1238, 0, 180, 0, 0, 0, 78, 4806000, 82016000, 14560000),
	('2016', 10, 18, 0, 0, 611, 0, 133, 0, 1, 0, 125, 3000000, 64390000, 10820000),
	('2016', 10, 19, 0, 0, 425, 0, 94, 0, 0, 0, 37, 1794000, 34820000, 4548000),
	('2016', 10, 20, 1, 0, 364, 0, 74, 0, 0, 0, 18, 1485000, 26468000, 4656000),
	('2016', 10, 21, 0, 0, 907, 0, 308, 6, 0, 0, 45, 3960000, 81924000, 11716000),
	('2016', 10, 22, 0, 0, 612, 0, 95, 0, 2, 0, 79, 2565000, 48844000, 9312000),
	('2016', 10, 23, 0, 0, 376, 0, 64, 0, 0, 1, 30, 1521000, 28171000, 4508000),
	('2016', 10, 24, 0, 0, 380, 0, 60, 0, 0, 0, 23, 1458000, 25212000, 4208000),
	('2016', 10, 25, 0, 0, 1780, 0, 279, 0, 1, 1, 137, 6879000, 121777000, 18232000),
	('2016', 10, 26, 0, 0, 115, 0, 0, 0, 0, 0, 0, 468000, 4992000, 1504000),
	('2016', 10, 27, 4, 0, 5435, 0, 1069, 13, 1, 5, 409, 23265000, 420418000, 67144000),
	('2016', 10, 28, 4, 0, 6237, 1, 1402, 11, 12, 27, 713, 27018000, 543713000, 79491000),
	('2016', 10, 29, 1, 0, 3070, 1, 218, 0, 0, 0, 81, 11127000, 151924100, 29656000),
	('2016', 10, 30, 0, 0, 1083, 0, 10, 0, 0, 0, 1, 3687000, 40730400, 9512000),
	('2016', 10, 31, 2, 0, 887, 0, 148, 0, 0, 4, 40, 3819000, 63281900, 12916000),
	('2016', 10, 32, 1, 0, 2086, 0, 315, 0, 0, 1, 180, 8769000, 154901500, 26167000),
	('2016', 10, 33, 1, 0, 1018, 0, 189, 0, 0, 2, 151, 4509000, 91318000, 13908000),
	('2016', 11, 1, 23, 0, 9195, 9, 5315, 97, 65, 34, 1962, 60006000, 1539461500, 250339000),
	('2016', 11, 2, 9, 0, 11170, 7, 3843, 42, 15, 33, 741, 54252000, 1124741900, 175083000),
	('2016', 11, 3, 0, 0, 1557, 1, 374, 7, 0, 1, 41, 6321000, 114249000, 20372000),
	('2016', 11, 4, 1, 0, 2141, 2, 732, 7, 1, 5, 109, 9735000, 201525000, 37871000),
	('2016', 11, 5, 0, 0, 1616, 0, 330, 0, 0, 0, 128, 7050000, 131312000, 22072000),
	('2016', 11, 6, 0, 0, 4761, 0, 990, 0, 1, 13, 326, 22344000, 407943100, 65940000),
	('2016', 11, 7, 5, 0, 3372, 1, 558, 0, 3, 5, 290, 14808000, 266545500, 47707000),
	('2016', 11, 8, 7, 0, 1627, 0, 267, 0, 1, 0, 101, 6762000, 115554000, 22896000),
	('2016', 11, 9, 6, 0, 3711, 3, 446, 2, 4, 1, 215, 15348000, 242085800, 51326000),
	('2016', 11, 10, 2, 0, 3038, 1, 770, 4, 10, 2, 303, 14832000, 289827100, 56041000),
	('2016', 11, 11, 3, 0, 2767, 1, 608, 0, 3, 3, 209, 12474000, 227764000, 45280000),
	('2016', 11, 12, 3, 0, 4933, 2, 676, 0, 2, 8, 343, 21078000, 351562700, 62210000),
	('2016', 11, 13, 0, 0, 1204, 0, 138, 0, 0, 8, 69, 4683000, 74708000, 14710000),
	('2016', 11, 14, 2, 0, 4628, 0, 235, 0, 6, 0, 121, 14904000, 196312600, 41995000),
	('2016', 11, 15, 0, 0, 338, 0, 9, 0, 0, 0, 4, 1125000, 13720000, 3052000),
	('2016', 11, 16, 0, 0, 1469, 0, 273, 0, 1, 2, 128, 6219000, 116160000, 19752000),
	('2016', 11, 17, 0, 0, 1060, 0, 171, 0, 1, 0, 78, 4251000, 75458000, 13708000),
	('2016', 11, 18, 1, 0, 515, 0, 196, 1, 2, 4, 108, 2910000, 71405000, 15137000),
	('2016', 11, 19, 0, 0, 455, 0, 78, 0, 0, 0, 36, 1827000, 33060000, 5728000),
	('2016', 11, 20, 0, 0, 325, 0, 52, 0, 0, 0, 26, 1395000, 24532000, 4640000),
	('2016', 11, 21, 0, 0, 823, 1, 223, 2, 2, 0, 33, 3441000, 66068000, 11384000),
	('2016', 11, 22, 0, 0, 597, 0, 92, 0, 0, 0, 91, 2568000, 49960000, 9160000),
	('2016', 11, 23, 0, 0, 349, 0, 59, 0, 0, 0, 34, 1455000, 26608000, 5128000),
	('2016', 11, 24, 0, 0, 386, 0, 69, 0, 0, 0, 40, 1620000, 31052000, 4864000),
	('2016', 11, 25, 2, 0, 1635, 0, 259, 0, 0, 1, 109, 6429000, 112379000, 17451000),
	('2016', 11, 26, 0, 0, 115, 0, 0, 0, 0, 0, 1, 381000, 4192000, 928000),
	('2016', 11, 27, 5, 0, 5087, 4, 1027, 11, 1, 10, 444, 23022000, 420990100, 86305000),
	('2016', 11, 28, 1, 5, 5672, 1, 1384, 10, 13, 23, 572, 25683000, 514434400, 87989000),
	('2016', 11, 29, 4, 0, 3020, 2, 249, 0, 3, 0, 71, 11760000, 161285800, 35260000),
	('2016', 11, 30, 0, 0, 1066, 0, 13, 0, 0, 0, 1, 3741000, 40968200, 9672000),
	('2016', 11, 31, 1, 0, 1089, 0, 158, 0, 0, 2, 36, 4794000, 76079100, 18712000),
	('2016', 11, 32, 2, 0, 2183, 0, 387, 1, 2, 2, 194, 9426000, 169967400, 32708000),
	('2016', 11, 33, 1, 0, 952, 0, 190, 0, 0, 1, 83, 4059000, 77423000, 14823000),
	('2016', 12, 1, 17, 0, 11246, 11, 6564, 35, 54, 37, 2157, 80379000, 2028866900, 336434000),
	('2016', 12, 2, 6, 0, 13330, 6, 5318, 38, 16, 32, 953, 72264000, 1544375800, 245416000),
	('2016', 12, 3, 0, 0, 1738, 1, 431, 8, 1, 2, 38, 7299000, 131684000, 25317000),
	('2016', 12, 4, 1, 0, 2239, 1, 857, 4, 1, 2, 85, 10569000, 221528000, 39971000),
	('2016', 12, 5, 2, 0, 1697, 0, 398, 0, 0, 1, 120, 8232000, 153827000, 28240000),
	('2016', 12, 6, 1, 0, 5360, 0, 1264, 1, 3, 14, 414, 29010000, 547460700, 93770000),
	('2016', 12, 7, 5, 0, 3775, 0, 731, 0, 1, 5, 361, 18558000, 347815700, 68682000),
	('2016', 12, 8, 7, 0, 1822, 1, 396, 0, 1, 1, 122, 8415000, 156681000, 34767000),
	('2016', 12, 9, 6, 0, 4053, 4, 723, 5, 5, 1, 255, 18333000, 310610903, 71319000),
	('2016', 12, 10, 2, 0, 3663, 1, 1074, 6, 7, 7, 354, 20415000, 408562400, 87810000),
	('2016', 12, 11, 11, 0, 3260, 0, 753, 0, 2, 4, 229, 16461000, 296948400, 62675000),
	('2016', 12, 12, 7, 0, 5551, 0, 988, 0, 5, 17, 417, 26670000, 463652900, 92651000),
	('2016', 12, 13, 0, 0, 1366, 1, 178, 0, 0, 3, 64, 5316000, 85865000, 17659000),
	('2016', 12, 14, 5, 0, 5070, 0, 311, 0, 2, 4, 127, 20340000, 269746600, 58445000),
	('2016', 12, 15, 1, 0, 421, 0, 14, 0, 0, 0, 2, 1422000, 16904000, 4048000),
	('2016', 12, 16, 1, 0, 1831, 0, 395, 0, 0, 1, 184, 8460000, 167975000, 31499000),
	('2016', 12, 17, 0, 0, 1205, 0, 184, 0, 0, 0, 73, 4959000, 84136000, 17728000),
	('2016', 12, 18, 4, 0, 649, 0, 258, 1, 3, 0, 147, 3858000, 95800000, 19368000),
	('2016', 12, 19, 0, 0, 505, 0, 93, 0, 0, 0, 52, 2346000, 44280000, 7212000),
	('2016', 12, 20, 0, 0, 365, 0, 62, 0, 0, 0, 20, 1710000, 29168000, 6464000),
	('2016', 12, 21, 0, 0, 734, 0, 226, 3, 1, 0, 37, 3249000, 65188000, 11338000),
	('2016', 12, 22, 0, 0, 818, 0, 129, 0, 0, 0, 120, 3729000, 73788000, 13488000),
	('2016', 12, 23, 1, 0, 356, 0, 69, 0, 0, 1, 34, 1587000, 29895000, 5788000),
	('2016', 12, 24, 0, 0, 395, 0, 74, 0, 0, 0, 36, 1662000, 31320000, 6024000),
	('2016', 12, 25, 1, 0, 1672, 2, 307, 0, 0, 0, 165, 7008000, 132976000, 23388000),
	('2016', 12, 26, 0, 0, 160, 0, 1, 0, 0, 0, 3, 693000, 7884000, 2464000),
	('2016', 12, 27, 8, 1, 5257, 1, 1320, 11, 0, 8, 462, 25977000, 494785400, 96344000),
	('2016', 12, 28, 7, 1, 5561, 2, 1583, 12, 15, 27, 633, 27666000, 584235100, 99173000),
	('2016', 12, 29, 23, 0, 3669, 0, 381, 0, 1, 0, 99, 15960000, 223325400, 45260000),
	('2016', 12, 30, 0, 0, 1295, 0, 16, 0, 0, 0, 2, 4722000, 51063200, 12216000),
	('2016', 12, 31, 3, 0, 1163, 0, 189, 0, 1, 0, 56, 5703000, 96863300, 19952000),
	('2016', 12, 32, 1, 0, 2263, 0, 481, 1, 4, 11, 241, 10917000, 205269300, 42364000),
	('2016', 12, 33, 3, 0, 1041, 0, 211, 0, 3, 0, 80, 4881000, 91786000, 17584000);
/*!40000 ALTER TABLE `swdkllj` ENABLE KEYS */;

/*!40101 SET SQL_MODE=IFNULL(@OLD_SQL_MODE, '') */;
/*!40014 SET FOREIGN_KEY_CHECKS=IF(@OLD_FOREIGN_KEY_CHECKS IS NULL, 1, @OLD_FOREIGN_KEY_CHECKS) */;
/*!40101 SET CHARACTER_SET_CLIENT=@OLD_CHARACTER_SET_CLIENT */;
